,Symbol,Company Name,Market Cap,% Change,Volume,Revenue
0,LLY,Eli Lilly and Company,724.16B,-3.64%,1899382,34.12B
1,NVO,Novo Nordisk A/S,593.61B,-1.38%,2664777,34.41B
2,UNH,UnitedHealth Group Incorporated,439.37B,2.64%,1612867,371.62B
3,JNJ,Johnson & Johnson,384.25B,1.07%,1170372,85.16B
4,ABBV,AbbVie Inc.,317.21B,0.44%,1550691,54.32B
5,MRK,"Merck & Co., Inc.",312.78B,-0.59%,1773883,60.12B
6,TMO,Thermo Fisher Scientific Inc.,227.88B,0.30%,389333,42.86B
7,ABT,Abbott Laboratories,209.89B,-0.64%,960389,40.11B
8,AZN,AstraZeneca PLC,209.37B,1.76%,1446413,45.81B
9,NVS,Novartis AG,206.63B,0.66%,654970,46.66B
10,DHR,Danaher Corporation,187.66B,-0.35%,396350,23.89B
11,PFE,Pfizer Inc.,156.21B,4.22%,18407351,58.50B
12,AMGN,Amgen Inc.,146.71B,0.59%,563659,28.19B
13,ISRG,"Intuitive Surgical, Inc.",138.06B,-3.30%,537570,7.12B
14,SYK,Stryker Corporation,136.09B,-0.64%,392744,20.50B
15,SNY,Sanofi,120.84B,0.21%,319504,51.60B
16,ELV,Elevance Health Inc.,118.14B,0.76%,182889,171.34B
17,MDT,Medtronic plc,113.04B,0.43%,1373708,32.32B
18,BMY,Bristol-Myers Squibb Company,108.77B,1.06%,4210081,45.01B
19,VRTX,Vertex Pharmaceuticals Incorporated,106.83B,0.21%,327239,9.87B
20,REGN,"Regeneron Pharmaceuticals, Inc.",106.49B,-0.45%,111176,13.12B
21,CI,Cigna Corporation,99.92B,0.14%,319006,195.27B
22,BSX,Boston Scientific Corporation,99.26B,-2.28%,2070022,14.24B
23,CVS,CVS Health Corporation,94.47B,1.16%,1402538,357.78B
24,GILD,"Gilead Sciences, Inc.",93.58B,0.27%,2531038,27.12B
25,GSK,GSK plc,87.83B,-0.51%,939627,38.39B
26,HCA,"HCA Healthcare, Inc.",86.06B,-1.27%,376490,64.97B
27,ZTS,Zoetis Inc.,83.41B,0.73%,1012479,8.54B
28,BDX,"Becton, Dickinson and Company",69.31B,-0.17%,190312,19.49B
29,MCK,McKesson Corporation,69.31B,-0.14%,191710,301.51B
30,EW,Edwards Lifesciences Corporation,55.40B,-1.42%,930901,6.00B
31,DXCM,"DexCom, Inc.",52.14B,-1.63%,897643,3.62B
32,IQV,IQVIA Holdings Inc.,47.07B,0.54%,183463,14.98B
33,IDXX,"IDEXX Laboratories, Inc.",46.65B,-2.33%,102693,3.66B
34,TAK,Takeda Pharmaceutical Company Limited,46.35B,-1.35%,329712,29.40B
35,ALC,Alcon Inc.,43.58B,1.00%,762899,9.46B
36,A,"Agilent Technologies, Inc.",43.33B,-0.39%,483055,6.74B
37,GEHC,GE HealthCare Technologies Inc.,42.19B,-0.93%,709950,19.55B
38,CNC,Centene Corporation,41.79B,-0.14%,750934,154.00B
39,HUM,Humana Inc.,40.94B,2.25%,389627,106.37B
40,HLN,Haleon plc,39.85B,-0.81%,2208323,14.31B
41,MRNA,"Moderna, Inc.",39.36B,8.69%,5055800,6.85B
42,COR,Cencora,38.52B,0.09%,186428,271.58B
43,VEEV,Veeva Systems Inc.,36.68B,-0.02%,172084,2.36B
44,BIIB,Biogen Inc.,32.45B,3.06%,273428,9.84B
45,CAH,"Cardinal Health, Inc.",28.01B,0.27%,475405,216.15B
46,MTD,Mettler-Toledo International Inc.,27.88B,-1.21%,40999,3.79B
47,RMD,ResMed Inc.,27.72B,0.70%,123407,4.50B
48,ICLR,ICON PLC,27.61B,-0.68%,192631,8.12B
49,WST,"West Pharmaceutical Services, Inc.",26.31B,-0.40%,86671,2.95B
50,ZBH,"Zimmer Biomet Holdings, Inc.",26.30B,1.03%,185320,7.39B
51,ALGN,"Align Technology, Inc.",23.47B,-1.41%,118622,3.86B
52,STE,STERIS plc,23.09B,0.06%,76004,5.41B
53,ARGX,argenx SE,23.00B,-0.72%,92741,39.48M
54,MOH,"Molina Healthcare, Inc.",22.93B,2.46%,80156,34.07B
55,BAX,Baxter International Inc.,22.23B,-0.66%,491035,14.81B
56,BNTX,BioNTech SE,21.70B,5.51%,534017,7.04B
57,ILMN,"Illumina, Inc.",21.52B,2.68%,453960,4.50B
58,WAT,Waters Corporation,21.07B,-0.58%,85975,2.96B
59,COO,"The Cooper Companies, Inc.",20.18B,-0.07%,464246,3.67B
60,GMAB,Genmab A/S,19.77B,4.55%,456855,2.44B
61,PHG,Koninklijke Philips N.V.,19.50B,2.74%,184297,20.19B
62,ALNY,"Alnylam Pharmaceuticals, Inc.",19.11B,-0.48%,111301,1.83B
63,WBA,"Walgreens Boots Alliance, Inc.",18.60B,1.80%,3158631,142.41B
64,LH,Laboratory Corporation of America Holdings,18.38B,0.47%,72368,12.16B
65,RPRX,Royalty Pharma plc,18.14B,-0.95%,381486,2.35B
66,BGNE,"BeiGene, Ltd.",18.14B,3.79%,46382,2.46B
67,HOLX,"Hologic, Inc.",18.09B,-0.93%,294152,3.97B
68,BMRN,BioMarin Pharmaceutical Inc.,16.22B,0.06%,199725,2.42B
69,TEVA,Teva Pharmaceutical Industries Limited,14.98B,-1.98%,2441600,15.85B
70,VTRS,Viatris Inc.,14.20B,-2.37%,3027315,15.43B
71,DGX,Quest Diagnostics Incorporated,14.09B,1.72%,143708,9.25B
72,NBIX,"Neurocrine Biosciences, Inc.",13.85B,-0.44%,605769,1.89B
73,CRL,"Charles River Laboratories International, Inc.",13.71B,-1.45%,116029,4.13B
74,RVTY,"Revvity, Inc.",13.49B,-0.08%,150321,2.75B
75,INCY,Incyte Corporation,13.48B,1.28%,579730,3.70B
76,RDY,Dr. Reddy's Laboratories Limited,12.80B,0.89%,27915,2.99B
77,PODD,Insulet Corporation,12.56B,0.86%,195836,1.70B
78,BRKR,Bruker Corporation,12.55B,0.44%,232884,2.96B
79,MEDP,"Medpace Holdings, Inc.",12.41B,-0.57%,65221,1.89B
80,SNN,Smith & Nephew plc,12.21B,1.05%,417617,5.55B
81,KRTX,"Karuna Therapeutics, Inc.",12.21B,-0.24%,39198,654.00K
82,TECH,Bio-Techne Corporation,12.12B,-2.54%,260553,1.14B
83,LEGN,Legend Biotech Corporation,12.03B,3.07%,487549,285.14M
84,FMS,Fresenius Medical Care AG & Co. KGaA,12.00B,-1.38%,139244,21.62B
85,UHS,"Universal Health Services, Inc.",11.81B,-2.50%,174299,14.28B
86,DVA,DaVita Inc.,11.80B,0.48%,240604,12.14B
87,UTHR,United Therapeutics Corporation,11.44B,2.66%,97009,2.33B
88,SRPT,"Sarepta Therapeutics, Inc.",11.41B,-2.24%,152056,1.24B
89,EXAS,Exact Sciences Corporation,11.02B,1.10%,375265,2.50B
90,RGEN,Repligen Corporation,10.90B,-1.19%,57990,638.76M
91,NTRA,"Natera, Inc.",10.81B,0.25%,253627,1.08B
92,TFX,Teleflex Incorporated,10.52B,1.21%,34540,2.97B
93,CTLT,"Catalent, Inc.",10.21B,0.53%,465400,4.10B
94,THC,Tenet Healthcare Corporation,9.87B,-1.63%,471237,20.56B
95,QGEN,Qiagen N.V.,9.84B,1.26%,158043,1.97B
96,BIO,"Bio-Rad Laboratories, Inc.",9.74B,0.14%,34029,2.67B
97,BIO.B,"Bio-Rad Laboratories, Inc.",9.74B,1.70%,2,-
98,CHE,Chemed Corporation,9.68B,1.18%,14398,2.26B
99,HSIC,"Henry Schein, Inc.",9.61B,0.32%,261290,12.34B
100,ATR,"AptarGroup, Inc.",9.45B,-0.24%,34687,3.49B
101,SWAV,"ShockWave Medical, Inc.",9.41B,2.40%,83326,730.23M
102,PEN,"Penumbra, Inc.",9.40B,-1.19%,35064,1.06B
103,ROIV,Roivant Sciences Ltd.,8.61B,-2.25%,1582784,123.24M
104,ASND,Ascendis Pharma A/S,8.37B,1.06%,47220,296.35M
105,ELAN,Elanco Animal Health Incorporated,8.11B,-2.61%,1164136,4.42B
106,STVN,Stevanato Group S.p.A.,7.79B,-2.42%,204143,1.21B
107,PCVX,"Vaxcyte, Inc.",7.76B,-2.31%,180187,-
108,EHC,Encompass Health Corporation,7.66B,-0.89%,70911,4.80B
109,ACHC,"Acadia Healthcare Company, Inc.",7.55B,-1.56%,116634,2.93B
110,CERE,"Cerevel Therapeutics Holdings, Inc.",7.53B,0.44%,807516,-
111,GMED,"Globus Medical, Inc.",7.49B,-0.47%,218655,1.57B
112,APLS,"Apellis Pharmaceuticals, Inc.",7.43B,-1.53%,152612,396.59M
113,JAZZ,Jazz Pharmaceuticals plc,7.33B,-0.77%,120548,3.83B
114,MASI,Masimo Corporation,7.11B,-3.82%,349229,2.05B
115,HQY,"HealthEquity, Inc.",7.05B,1.07%,64482,971.04M
116,ENSG,"The Ensign Group, Inc.",7.01B,0.85%,94553,3.73B
117,XRAY,DENTSPLY SIRONA Inc.,7.00B,0.36%,351900,3.97B
118,VKTX,"Viking Therapeutics, Inc.",6.84B,-11.62%,3622835,-
119,EXEL,"Exelixis, Inc.",6.81B,1.13%,509360,1.83B
120,CYTK,"Cytokinetics, Incorporated",6.77B,-2.07%,552574,7.53M
121,ITCI,"Intra-Cellular Therapies, Inc.",6.53B,-3.04%,105969,464.37M
122,IONS,"Ionis Pharmaceuticals, Inc.",6.36B,-1.66%,164441,787.65M
123,CRSP,CRISPR Therapeutics AG,6.13B,-2.66%,501433,371.21M
124,RCM,R1 RCM Inc.,5.93B,1.15%,2035139,2.25B
125,INSP,"Inspire Medical Systems, Inc.",5.87B,-0.85%,82110,624.80M
126,BLCO,Bausch + Lomb Corporation,5.76B,0.43%,24182,4.15B
127,OPCH,"Option Care Health, Inc.",5.63B,0.28%,91631,4.30B
128,BPMC,Blueprint Medicines Corporation,5.47B,-3.07%,93153,249.38M
129,NUVL,"Nuvalent, Inc.",5.41B,-0.89%,56740,-
130,GRFS,"Grifols, S.A.",5.38B,-3.29%,973502,6.45B
131,RVMD,"Revolution Medicines, Inc.",5.38B,2.08%,482152,11.58M
132,HALO,"Halozyme Therapeutics, Inc.",5.29B,-1.27%,842101,829.25M
133,MDGL,"Madrigal Pharmaceuticals, Inc.",5.23B,1.89%,215835,-
134,DOCS,"Doximity, Inc.",5.21B,-0.75%,150627,468.33M
135,BBIO,"BridgeBio Pharma, Inc.",5.10B,-0.14%,1378684,9.30M
136,ALKS,Alkermes plc,4.89B,-2.22%,232020,1.66B
137,KRYS,"Krystal Biotech, Inc.",4.86B,-0.84%,635771,50.70M
138,TXG,"10x Genomics, Inc.",4.74B,1.33%,314885,618.73M
139,BHVN,Biohaven Pharmaceutical Holding Company Ltd.,4.73B,-4.47%,314429,-
140,OGN,Organon & Co.,4.69B,-0.60%,558597,6.26B
141,IMVT,"Immunovant, Inc.",4.68B,0.79%,219736,-
142,MMSI,"Merit Medical Systems, Inc.",4.36B,-0.78%,47547,1.26B
143,GKOS,Glaukos Corporation,4.30B,-0.69%,54894,314.71M
144,LNTH,"Lantheus Holdings, Inc.",4.29B,0.32%,178533,1.30B
145,IOVA,"Iovance Biotherapeutics, Inc.",4.22B,-3.82%,2230376,1.19M
146,RARE,Ultragenyx Pharmaceutical Inc.,4.16B,-4.00%,96269,434.25M
147,ALVO,Alvotech,4.15B,-1.09%,31992,63.75M
148,ARWR,"Arrowhead Pharmaceuticals, Inc.",4.14B,-12.11%,754070,181.74M
149,PRGO,Perrigo Company plc,4.10B,1.12%,844363,4.66B
150,HAE,Haemonetics Corporation,4.04B,-1.57%,76174,1.27B
151,INSM,Insmed Incorporated,4.02B,-2.66%,355071,305.21M
152,SHC,Sotera Health Company,3.99B,1.23%,162882,1.05B
153,EVH,"Evolent Health, Inc.",3.87B,-1.31%,88782,1.96B
154,ACAD,ACADIA Pharmaceuticals Inc.,3.86B,2.94%,365782,726.44M
155,ACLX,"Arcellx, Inc.",3.82B,-4.85%,127537,110.32M
156,ITGR,Integer Holdings Corporation,3.77B,-1.96%,44268,1.60B
157,SWTX,"SpringWorks Therapeutics, Inc.",3.77B,-5.15%,241074,5.45M
158,SGRY,"Surgery Partners, Inc.",3.73B,0.31%,175657,2.74B
159,CBAY,"CymaBay Therapeutics, Inc.",3.72B,0.40%,2704332,31.07M
160,PBH,Prestige Consumer Healthcare Inc.,3.66B,1.19%,289755,1.13B
161,AZTA,"Azenta, Inc.",3.65B,-0.38%,63984,641.02M
162,NVST,Envista Holdings Corporation,3.64B,2.36%,223606,2.57B
163,FOLD,"Amicus Therapeutics, Inc.",3.63B,-1.38%,286361,399.36M
164,SEM,Select Medical Holdings Corporation,3.63B,0.71%,301890,6.66B
165,NEOG,Neogen Corporation,3.60B,-1.10%,362002,918.68M
166,AXNX,"Axonics, Inc.",3.45B,-0.18%,119798,366.38M
167,IBRX,"ImmunityBio, Inc.",3.45B,-6.38%,1189518,556.00K
168,PGNY,"Progyny, Inc.",3.42B,1.30%,134701,1.09B
169,IDYA,"IDEAYA Biosciences, Inc.",3.40B,-4.35%,128881,23.39M
170,AXSM,"Axsome Therapeutics, Inc.",3.39B,-4.04%,312232,270.60M
171,BHC,Bausch Health Companies Inc.,3.38B,-1.19%,179561,8.76B
172,XENE,Xenon Pharmaceuticals Inc.,3.36B,-4.04%,311240,-
173,OSCR,"Oscar Health, Inc.",3.35B,-0.14%,637622,5.86B
174,IRTC,"iRhythm Technologies, Inc.",3.32B,-3.92%,70546,492.68M
175,CRNX,"Crinetics Pharmaceuticals, Inc.",3.30B,-1.70%,69243,4.01M
176,ARVN,"Arvinas, Inc.",3.20B,-2.66%,300601,78.50M
177,RDNT,"RadNet, Inc.",3.18B,-0.60%,254351,1.62B
178,CLDX,"Celldex Therapeutics, Inc.",3.15B,-2.86%,114618,6.88M
179,QDEL,QuidelOrtho Corporation,3.14B,1.15%,274755,3.00B
180,INDV,Indivior PLC,3.10B,-,254029,1.09B
181,BEAM,Beam Therapeutics Inc.,3.06B,-2.56%,178191,377.71M
182,AMED,"Amedisys, Inc.",3.04B,0.20%,177315,2.24B
183,CERT,"Certara, Inc.",3.04B,-1.76%,189340,354.34M
184,IMCR,Immunocore Holdings plc,3.03B,-1.06%,49790,249.43M
185,SMMT,Summit Therapeutics Inc.,3.02B,-2.27%,1124728,-
186,OLK,Olink Holding AB (publ),2.96B,0.51%,90741,158.93M
187,GDRX,"GoodRx Holdings, Inc.",2.92B,-0.54%,576393,750.27M
188,DNLI,Denali Therapeutics Inc.,2.91B,3.63%,249050,330.53M
189,IART,Integra LifeSciences Holdings Corporation,2.87B,-1.39%,147554,1.54B
190,MLTX,MoonLake Immunotherapeutics,2.87B,3.16%,353493,-
191,LIVN,LivaNova PLC,2.85B,-2.10%,566950,1.15B
192,NTLA,"Intellia Therapeutics, Inc.",2.81B,-1.43%,329861,36.28M
193,MRUS,Merus N.V.,2.79B,2.51%,214813,43.95M
194,TMDX,"TransMedics Group, Inc.",2.74B,-2.05%,261541,241.62M
195,LFST,"LifeStance Health Group, Inc.",2.70B,-1.66%,256278,1.06B
196,MOR,MorphoSys AG,2.69B,-0.11%,324938,321.80M
197,PRVA,"Privia Health Group, Inc.",2.67B,-1.88%,106968,1.66B
198,TDOC,"Teladoc Health, Inc.",2.63B,1.10%,1488969,2.60B
199,CNMD,CONMED Corporation,2.62B,-0.15%,79963,1.24B
200,KYMR,"Kymera Therapeutics, Inc.",2.61B,-2.76%,125443,78.59M
201,DNA,"Ginkgo Bioworks Holdings, Inc.",2.61B,-,6277205,251.46M
202,TGTX,"TG Therapeutics, Inc.",2.59B,-2.44%,1232760,233.66M
203,PINC,"Premier, Inc.",2.57B,0.45%,559608,1.32B
204,HCM,HUTCHMED (China) Limited,2.55B,1.68%,17808,838.00M
205,EVO,Evotec SE,2.53B,0.56%,14887,-
206,ICUI,"ICU Medical, Inc.",2.52B,-0.97%,42240,2.26B
207,RCKT,"Rocket Pharmaceuticals, Inc.",2.52B,-0.97%,179205,-
208,RYTM,"Rhythm Pharmaceuticals, Inc.",2.52B,-3.41%,169826,77.43M
209,KROS,"Keros Therapeutics, Inc.",2.52B,-5.92%,69916,151.00K
210,PRCT,PROCEPT BioRobotics Corporation,2.51B,-2.01%,163531,136.19M
211,FTRE,Fortrea Holdings Inc.,2.49B,-1.14%,1173732,-
212,NARI,"Inari Medical, Inc.",2.49B,-1.16%,225442,493.63M
213,CORT,Corcept Therapeutics Incorporated,2.45B,0.47%,112220,482.38M
214,AGL,"agilon health, inc.",2.44B,0.68%,1092617,4.32B
215,PDCO,"Patterson Companies, Inc.",2.43B,-0.04%,131187,6.57B
216,RXRX,"Recursion Pharmaceuticals, Inc.",2.43B,-7.33%,2204012,44.58M
217,GH,"Guardant Health, Inc.",2.40B,-3.75%,270215,563.95M
218,PTCT,"PTC Therapeutics, Inc.",2.39B,-1.48%,223635,937.82M
219,VERA,"Vera Therapeutics, Inc.",2.38B,-2.53%,70101,-
220,NMRA,"Neumora Therapeutics, Inc.",2.35B,0.28%,75829,-
221,CGON,"CG Oncology, Inc.",2.33B,-1.44%,212975,191.00K
222,ALPN,"Alpine Immune Sciences, Inc.",2.32B,-1.53%,354239,30.80M
223,GLPG,Galapagos NV,2.28B,0.23%,67519,-
224,AMN,"AMN Healthcare Services, Inc.",2.26B,-2.46%,183317,3.79B
225,TWST,Twist Bioscience Corporation,2.17B,-1.89%,135078,262.36M
226,VCEL,Vericel Corporation,2.15B,-1.35%,128399,197.52M
227,AMPH,"Amphastar Pharmaceuticals, Inc.",2.11B,-4.07%,159034,644.40M
228,DYN,"Dyne Therapeutics, Inc.",2.09B,1.55%,482509,-
229,SANA,"Sana Biotechnology, Inc.",2.08B,-,384558,-
230,MYGN,"Myriad Genetics, Inc.",2.03B,-0.13%,64270,753.20M
231,NEO,"NeoGenomics, Inc.",2.03B,1.72%,151928,591.64M
232,JANX,"Janux Therapeutics, Inc.",2.02B,0.40%,151743,8.08M
233,TNDM,"Tandem Diabetes Care, Inc.",2.01B,-3.78%,579081,747.72M
234,ARDX,"Ardelyx, Inc.",2.01B,-2.30%,1777937,124.46M
235,SNDX,"Syndax Pharmaceuticals, Inc.",2.00B,-4.07%,212586,-
236,SDGR,"Schr√∂dinger, Inc.",1.99B,-2.28%,400857,216.67M
237,ZLAB,Zai Lab Limited,1.99B,5.82%,286761,266.72M
238,OMI,"Owens & Minor, Inc.",1.96B,-1.21%,123651,10.33B
239,MRVI,"Maravai LifeSciences Holdings, Inc.",1.96B,1.04%,485144,288.95M
240,RXST,"RxSight, Inc.",1.94B,-4.13%,89013,89.08M
241,CPRX,"Catalyst Pharmaceuticals, Inc.",1.92B,-0.92%,219060,398.20M
242,NAMS,NewAmsterdam Pharma Company N.V.,1.87B,-0.14%,40143,15.66M
243,MORF,"Morphic Holding, Inc.",1.86B,-0.78%,76826,521.00K
244,ASTH,Astrana Health Inc,1.86B,-5.61%,244842,1.39B
245,INMD,InMode Ltd.,1.85B,-1.96%,247986,492.05M
246,ATEC,"Alphatec Holdings, Inc.",1.82B,2.81%,445658,482.26M
247,PROK,ProKidney Corp.,1.81B,-2.40%,169523,-
248,KURA,"Kura Oncology, Inc.",1.77B,-3.02%,386851,-
249,AGIO,"Agios Pharmaceuticals, Inc.",1.76B,-1.57%,407572,26.82M
250,PTGX,"Protagonist Therapeutics, Inc.",1.76B,-0.66%,102501,60.00M
251,AKRO,"Akero Therapeutics, Inc.",1.76B,-6.00%,504904,-
252,STAA,STAAR Surgical Company,1.75B,8.14%,377718,322.42M
253,HRMY,"Harmony Biosciences Holdings, Inc.",1.73B,-1.00%,74308,582.02M
254,NVCR,NovoCure Limited,1.72B,-3.33%,344811,509.34M
255,ATRC,"AtriCure, Inc.",1.72B,2.13%,920168,399.25M
256,DVAX,Dynavax Technologies Corporation,1.72B,-1.29%,256187,232.28M
257,VCYT,"Veracyte, Inc.",1.71B,-0.26%,134068,361.05M
258,SUPN,"Supernus Pharmaceuticals, Inc.",1.70B,4.38%,85944,607.52M
259,INBX,"Inhibrx, Inc.",1.68B,-1.07%,88258,1.80M
260,RNA,"Avidity Biosciences, Inc.",1.67B,-2.05%,219809,9.56M
261,ADUS,Addus HomeCare Corporation,1.66B,-3.41%,10674,1.06B
262,AMRX,"Amneal Pharmaceuticals, Inc.",1.65B,-0.19%,263618,2.39B
263,GPCR,Structure Therapeutics Inc.,1.64B,-4.75%,411479,-
264,RCUS,"Arcus Biosciences, Inc.",1.63B,5.67%,143621,117.00M
265,PRTA,Prothena Corporation plc,1.62B,-1.87%,90761,91.37M
266,APGE,"Apogee Therapeutics, Inc.",1.62B,-1.95%,289974,-
267,USPH,"U.S. Physical Therapy, Inc.",1.58B,1.74%,21524,604.80M
268,BTSG,"BrightSpring Health Services, Inc.",1.58B,1.99%,188508,8.83B
269,TARO,Taro Pharmaceutical Industries Ltd.,1.58B,-,19712,610.83M
270,EWTX,"Edgewise Therapeutics, Inc.",1.56B,-2.39%,77674,-
271,VIR,"Vir Biotechnology, Inc.",1.53B,0.35%,124332,86.18M
272,UFPT,"UFP Technologies, Inc.",1.53B,-3.29%,55823,400.07M
273,LMAT,"LeMaitre Vascular, Inc.",1.50B,-3.60%,26521,193.48M
274,XNCR,"Xencor, Inc.",1.48B,-4.33%,333761,168.34M
275,IRON,"Disc Medicine, Inc.",1.48B,-1.33%,83791,-
276,IMNM,"Immunome, Inc.",1.47B,-11.16%,243087,10.19M
277,KNSA,"Kiniksa Pharmaceuticals, Ltd.",1.47B,-2.26%,56967,270.26M
278,PCRX,"Pacira BioSciences, Inc.",1.46B,-1.31%,155735,674.98M
279,AVDL,Avadel Pharmaceuticals plc,1.46B,-2.14%,192575,27.96M
280,NHC,National HealthCare Corporation,1.46B,3.13%,43376,1.14B
281,ABCL,AbCellera Biologics Inc.,1.45B,3.98%,1049728,38.03M
282,SLNO,"Soleno Therapeutics, Inc.",1.44B,-1.69%,56701,-
283,AHCO,AdaptHealth Corp.,1.44B,-0.09%,233285,3.20B
284,WRBY,Warby Parker Inc.,1.44B,-1.65%,255738,669.77M
285,FDMT,"4D Molecular Therapeutics, Inc.",1.43B,-3.45%,107373,20.72M
286,MNKD,MannKind Corporation,1.43B,-12.52%,3252010,198.96M
287,ANIP,"ANI Pharmaceuticals, Inc.",1.42B,-1.91%,47056,486.82M
288,ADMA,"ADMA Biologics, Inc.",1.41B,-2.52%,993321,258.22M
289,IRWD,"Ironwood Pharmaceuticals, Inc.",1.41B,-0.67%,1660155,442.74M
290,PHR,"Phreesia, Inc.",1.38B,-3.02%,61743,337.88M
291,ESTA,Establishment Labs Holdings Inc.,1.37B,-3.33%,130220,165.15M
292,DCPH,"Deciphera Pharmaceuticals, Inc.",1.37B,-2.36%,88419,163.36M
293,AGTI,"Agiliti, Inc.",1.35B,0.30%,200808,1.17B
294,AUTL,Autolus Therapeutics plc,1.33B,-5.25%,222162,5.52M
295,DAWN,"Day One Biopharmaceuticals, Inc.",1.32B,-2.63%,477392,-
296,RLAY,"Relay Therapeutics, Inc.",1.32B,-7.95%,377076,25.55M
297,MIRM,"Mirum Pharmaceuticals, Inc.",1.31B,-4.30%,112360,144.73M
298,LGND,Ligand Pharmaceuticals Incorporated,1.31B,-2.06%,25427,-
299,OMCL,"Omnicell, Inc.",1.30B,-0.95%,167551,1.15B
300,VRNA,Verona Pharma plc,1.29B,-1.97%,70290,-
301,TLRY,"Tilray Brands, Inc.",1.28B,-1.76%,5628208,700.50M
302,SAGE,"Sage Therapeutics, Inc.",1.28B,-4.12%,197573,86.46M
303,BLTE,"Belite Bio, Inc",1.27B,-3.15%,10330,-
304,ARQT,"Arcutis Biotherapeutics, Inc.",1.27B,-9.96%,1579891,59.61M
305,VERV,"Verve Therapeutics, Inc.",1.25B,-3.61%,199812,11.76M
306,IMTX,Immatics N.V.,1.25B,-0.16%,69898,80.56M
307,PHVS,Pharvaris N.V.,1.24B,-10.92%,37948,-
308,VRDN,"Viridian Therapeutics, Inc.",1.24B,2.87%,319868,314.00K
309,GERN,Geron Corporation,1.23B,-4.89%,10791675,237.00K
310,SRRK,Scholar Rock Holding Corporation,1.22B,-4.12%,255662,-
311,ETNB,"89bio, Inc.",1.21B,-0.31%,256561,-
312,MDXG,"MiMedx Group, Inc.",1.20B,-1.96%,178287,321.48M
313,COLL,"Collegium Pharmaceutical, Inc.",1.19B,-0.27%,91882,566.77M
314,EYPT,"EyePoint Pharmaceuticals, Inc.",1.19B,-6.27%,626342,46.02M
315,PACB,"Pacific Biosciences of California, Inc.",1.19B,-0.68%,1781366,200.52M
316,KYTX,"Kyverna Therapeutics, Inc.",1.18B,2.86%,96701,7.03M
317,TARS,"Tarsus Pharmaceuticals, Inc.",1.18B,-8.49%,280004,17.45M
318,BKD,Brookdale Senior Living Inc.,1.15B,-2.81%,218616,3.02B
319,TNGX,"Tango Therapeutics, Inc.",1.14B,-3.68%,710370,37.51M
320,OCUL,"Ocular Therapeutix, Inc.",1.12B,-2.51%,655970,58.44M
321,BCRX,"BioCryst Pharmaceuticals, Inc.",1.10B,-2.03%,628152,331.41M
322,ZJYL,Jin Medical International Ltd.,1.10B,-,201439,19.19M
323,MGNX,"MacroGenics, Inc.",1.09B,-2.81%,549037,58.75M
324,TVGN,Tevogen Bio Holdings Inc,1.07B,-6.36%,6280,-
325,LQDA,Liquidia Corporation,1.06B,-3.06%,153432,18.32M
326,ZNTL,"Zentalis Pharmaceuticals, Inc.",1.05B,-9.42%,201222,-
327,TYRA,"Tyra Biosciences, Inc.",1.03B,-0.86%,21455,-
328,RGNX,REGENXBIO Inc.,1.01B,0.44%,167740,90.24M
329,QTRX,Quanterix Corporation,1.01B,-0.72%,53239,122.37M
330,ORIC,"ORIC Pharmaceuticals, Inc.",1.01B,-,191008,-
331,ALHC,"Alignment Healthcare, Inc.",1.00B,-1.67%,132026,1.82B
332,DH,Definitive Healthcare Corp.,998.29M,-1.30%,69473,251.42M
333,SYRE,"Spyre Therapeutics, Inc.",990.58M,7.80%,110160,886.00K
334,ARCT,Arcturus Therapeutics Holdings Inc.,988.88M,2.79%,156959,296.24M
335,PRME,"Prime Medicine, Inc.",969.11M,-0.62%,78750,-
336,SLN,Silence Therapeutics plc,966.75M,-5.24%,41537,33.78M
337,NRC,National Research Corporation,965.15M,-0.54%,4384,148.58M
338,CABA,"Cabaletta Bio, Inc.",962.83M,-9.30%,400425,-
339,BCYC,Bicycle Therapeutics plc,960.27M,-6.63%,29213,26.98M
340,CNTA,Centessa Pharmaceuticals plc,951.89M,-11.60%,249957,-
341,CRGX,"CARGO Therapeutics, Inc.",941.12M,-2.93%,134030,-
342,HCSG,"Healthcare Services Group, Inc.",939.66M,-2.58%,83416,1.67B
343,INVA,"Innoviva, Inc.",938.29M,-0.34%,198437,310.46M
344,PLRX,"Pliant Therapeutics, Inc.",936.72M,-6.56%,82284,1.58M
345,CTKB,"Cytek Biosciences, Inc.",930.69M,1.40%,317926,183.12M
346,AVNS,"Avanos Medical, Inc.",918.98M,-0.75%,48455,673.30M
347,FNA,"Paragon 28, Inc.",911.21M,-4.18%,36224,216.39M
348,HLVX,"HilleVax, Inc.",892.21M,-1.63%,5096,-
349,ALLO,"Allogene Therapeutics, Inc.",885.14M,-3.42%,763800,186.00K
350,SLP,"Simulations Plus, Inc.",873.26M,0.55%,23482,62.11M
351,WVE,Wave Life Sciences Ltd.,835.81M,0.29%,194538,113.31M
352,SPRY,"ARS Pharmaceuticals, Inc.",834.22M,-4.60%,115989,1.35M
353,AFMD,Affimed N.V.,826.43M,-11.50%,71389,20.23M
354,AORT,"Artivion, Inc.",825.33M,-0.55%,41291,354.00M
355,EOLS,"Evolus, Inc.",815.27M,-0.43%,1251320,202.09M
356,SAVA,"Cassava Sciences, Inc.",811.77M,-1.81%,412716,-
357,SLRN,"Acelyrin, Inc.",807.92M,10.96%,1310056,-
358,LAB,Standard BioTools Inc.,806.53M,-1.08%,547471,106.34M
359,FATE,"Fate Therapeutics, Inc.",805.81M,-2.83%,533976,63.53M
360,HSTM,"HealthStream, Inc.",802.05M,0.85%,57441,279.06M
361,EMBC,Embecta Corp.,792.86M,-0.33%,113303,1.12B
362,TMCI,"Treace Medical Concepts, Inc.",791.70M,-2.36%,42859,187.12M
363,ATXS,"Astria Therapeutics, Inc.",787.86M,1.25%,201091,-
364,ZYME,Zymeworks Inc.,783.31M,-3.41%,160430,76.01M
365,AUPH,Aurinia Pharmaceuticals Inc.,781.66M,-1.10%,342731,175.51M
366,CVAC,CureVac N.V.,780.38M,-2.04%,305459,45.62M
367,BLFS,"BioLife Solutions, Inc.",775.76M,-2.19%,73428,143.27M
368,YMAB,"Y-mAbs Therapeutics, Inc.",771.35M,-6.41%,180615,84.82M
369,ATRI,Atrion Corporation,766.59M,-1.56%,1163,169.33M
370,NVAX,"Novavax, Inc.",762.74M,-5.87%,1883720,983.71M
371,MD,"Pediatrix Medical Group, Inc.",759.63M,0.44%,135985,1.99B
372,CRON,Cronos Group Inc.,758.79M,-0.50%,742289,87.24M
373,PHAR,Pharming Group N.V.,758.38M,1.26%,1277,232.68M
374,CCCC,"C4 Therapeutics, Inc.",754.61M,-3.36%,1087725,20.76M
375,OLMA,"Olema Pharmaceuticals, Inc.",747.72M,-,198855,-
376,TRML,"Tourmaline Bio, Inc.",746.59M,-0.05%,89315,-
377,EDIT,"Editas Medicine, Inc.",742.46M,-1.75%,499804,78.12M
378,ALXO,ALX Oncology Holdings Inc.,738.49M,-11.51%,185598,-
379,IGMS,"IGM Biosciences, Inc.",735.42M,-16.47%,67265,2.13M
380,ACCD,"Accolade, Inc.",735.37M,0.63%,117640,388.49M
381,APLT,"Applied Therapeutics, Inc.",733.80M,-8.51%,799775,9.99M
382,AVTE,"Aerovate Therapeutics, Inc.",733.78M,-6.60%,10240,-
383,SIBN,"SI-BONE, Inc.",719.86M,0.63%,105085,138.89M
384,NRIX,"Nurix Therapeutics, Inc.",715.81M,-4.85%,306921,76.99M
385,VREX,Varex Imaging Corporation,711.23M,-0.40%,29972,877.80M
386,PRAX,"Praxis Precision Medicines, Inc.",707.52M,-5.20%,12516,2.45M
387,ABVX,Abivax SA,705.31M,-5.35%,45234,-
388,CMPS,COMPASS Pathways plc,697.50M,-1.93%,271979,-
389,LBPH,"Longboard Pharmaceuticals, Inc.",695.12M,-,85905,-
390,FLGT,"Fulgent Genetics, Inc.",692.94M,1.53%,35348,289.21M
391,PRTC,PureTech Health plc,690.26M,-,81,15.62M
392,MRSN,"Mersana Therapeutics, Inc.",690.21M,-1.56%,1320744,36.86M
393,CGEM,"Cullinan Oncology, Inc.",687.48M,-4.29%,87771,-
394,FULC,"Fulcrum Therapeutics, Inc.",686.24M,1.81%,132011,2.81M
395,NKTX,"Nkarta, Inc.",685.54M,-4.31%,275645,-
396,FUSN,Fusion Pharmaceuticals Inc.,684.96M,-6.18%,127498,2.21M
397,SVRA,Savara Inc.,683.83M,-7.36%,246301,-
398,COGT,"Cogent Biosciences, Inc.",677.51M,-1.37%,1457370,-
399,CATX,"Perspective Therapeutics, Inc.",671.89M,-4.20%,1752069,8.17M
400,MLYS,"Mineralys Therapeutics, Inc.",667.75M,-5.96%,16949,-
401,OPK,"OPKO Health, Inc.",667.65M,-1.63%,2296659,863.50M
402,EXAI,Exscientia plc,662.18M,4.34%,332412,29.47M
403,INNV,InnovAge Holding Corp.,657.73M,-1.63%,485,720.80M
404,CCRN,"Cross Country Healthcare, Inc.",656.65M,-1.80%,203299,2.02B
405,CRBU,"Caribou Biosciences, Inc.",656.16M,-2.70%,218063,34.61M
406,KIDS,OrthoPediatrics Corp.,653.73M,0.22%,34438,148.73M
407,SILK,"Silk Road Medical, Inc",642.46M,-2.44%,312193,177.13M
408,ALEC,"Alector, Inc.",635.78M,-3.31%,131988,97.06M
409,OABI,"OmniAb, Inc.",633.84M,-0.37%,98795,64.69M
410,ANAB,"AnaptysBio, Inc.",629.62M,-5.85%,80884,14.96M
411,RVNC,"Revance Therapeutics, Inc.",626.33M,4.16%,594140,234.04M
412,CALT,Calliditas Therapeutics AB (publ),624.52M,-2.15%,1078,105.88M
413,LRMR,"Larimar Therapeutics, Inc.",622.43M,-15.39%,251642,-
414,TVTX,"Travere Therapeutics, Inc.",619.82M,-7.74%,196981,145.24M
415,AVBP,"ArriVent BioPharma, Inc.",616.76M,-1.43%,32696,-
416,PLSE,"Pulse Biosciences, Inc.",596.52M,10.79%,304632,-9.00K
417,LYEL,"Lyell Immunopharma, Inc.",592.04M,-7.17%,242313,130.00K
418,CDNA,"CareDx, Inc",588.20M,-4.07%,190215,280.32M
419,VTYX,"Ventyx Biosciences, Inc.",587.65M,-18.95%,3801133,-
420,ELVN,"Enliven Therapeutics, Inc.",577.38M,-9.35%,61223,-
421,MPLN,MultiPlan Corporation,573.49M,-7.30%,364175,961.52M
422,CSTL,"Castle Biosciences, Inc.",570.69M,-3.56%,44741,219.79M
423,ABSI,Absci Corporation,562.96M,-6.37%,493207,6.94M
424,PIII,P3 Health Partners Inc.,562.67M,-1.82%,60986,1.18B
425,KALV,"KalVista Pharmaceuticals, Inc.",560.02M,-8.77%,176638,-
426,REPL,"Replimune Group, Inc.",554.33M,-1.99%,191134,-
427,PNTG,"The Pennant Group, Inc.",551.93M,1.58%,49226,544.89M
428,NNOX,Nano-X Imaging Ltd.,551.63M,-8.13%,970823,9.64M
429,BMEA,"Biomea Fusion, Inc.",550.23M,0.33%,396615,-
430,NVRO,Nevro Corp.,549.97M,-1.44%,293346,425.17M
431,ADPT,Adaptive Biotechnologies Corporation,547.72M,3.84%,549677,170.28M
432,IRMD,IRadimed Corporation,545.51M,-2.66%,37778,65.56M
433,ALT,"Altimmune, Inc.",533.53M,-5.00%,1153104,279.00K
434,LIAN,LianBio,532.75M,-0.20%,171431,-
435,RDUS,"Radius Health, Inc.",532.06M,1.65%,36232,2.96B
436,OSUR,"OraSure Technologies, Inc.",531.29M,-4.43%,155258,452.67M
437,LXRX,"Lexicon Pharmaceuticals, Inc.",529.53M,29.49%,11160772,531.00K
438,URGN,UroGen Pharma Ltd.,526.27M,-4.95%,41764,77.28M
439,DNTH,"Dianthus Therapeutics, Inc.",524.21M,-0.20%,88223,924.00K
440,OFIX,Orthofix Medical Inc.,523.69M,1.86%,182301,746.64M
441,PAHC,Phibro Animal Health Corporation,522.09M,-1.05%,31411,982.01M
442,NUVB,Nuvation Bio Inc.,521.33M,-2.05%,162684,-
443,PHAT,"Phathom Pharmaceuticals, Inc.",519.28M,-6.98%,265769,682.00K
444,EHAB,"Enhabit, Inc.",518.34M,-4.35%,1190982,1.05B
445,VALN,Valneva SE,512.13M,2.22%,3867,237.46M
446,HCAT,"Health Catalyst, Inc.",511.84M,-1.83%,73153,295.94M
447,MREO,Mereo BioPharma Group plc,502.07M,-0.84%,292357,9.02M
448,TALK,"Talkspace, Inc.",501.29M,-2.67%,947499,137.87M
449,TNYA,"Tenaya Therapeutics, Inc.",492.80M,-13.75%,102800,-
450,HARP,"Harpoon Therapeutics, Inc.",492.35M,-,6624340,37.34M
451,VYGR,"Voyager Therapeutics, Inc.",488.71M,-3.31%,237693,250.01M
452,ABUS,Arbutus Biopharma Corporation,488.22M,-0.37%,163164,18.14M
453,PETQ,"PetIQ, Inc.",483.56M,0.67%,243878,1.10B
454,ZIMV,ZimVie Inc.,476.95M,-4.43%,104900,457.43M
455,MRNS,"Marinus Pharmaceuticals, Inc.",475.39M,-4.18%,141305,30.99M
456,MODV,ModivCare Inc.,470.53M,-4.25%,20770,2.76B
457,PEPG,PepGen Inc.,460.73M,-0.77%,8710,-
458,NYXH,Nyxoah S.A.,459.36M,3.91%,22328,4.83M
459,TERN,"Terns Pharmaceuticals, Inc.",459.13M,-8.38%,254003,-
460,CELC,Celcuity Inc.,451.75M,-3.56%,10113,-
461,TSHA,"Taysha Gene Therapies, Inc.",450.57M,-7.14%,670210,14.35M
462,RENB,Renovaro Biosciences Inc.,449.68M,-4.79%,151861,-
463,CVRX,"CVRx, Inc.",448.90M,-3.59%,25262,39.30M
464,AVAH,Aveanna Healthcare Holdings Inc.,448.22M,-,29074,1.87B
465,AVXL,Anavex Life Sciences Corp.,446.61M,-4.77%,381385,-
466,MGX,"Metagenomi, Inc.",444.70M,1.87%,49233,17.20M
467,RCEL,"AVITA Medical, Inc.",440.36M,-4.03%,23303,51.57M
468,ITOS,"iTeos Therapeutics, Inc.",440.15M,-3.71%,177370,12.60M
469,IVVD,"Invivyd, Inc.",438.54M,3.79%,59767,-
470,SRDX,"Surmodics, Inc.",436.62M,-3.77%,23456,138.20M
471,PGEN,"Precigen, Inc.",435.61M,-11.14%,491110,6.76M
472,STTK,"Shattuck Labs, Inc.",433.45M,-2.08%,76274,1.66M
473,CDMO,"Avid Bioservices, Inc.",424.34M,-3.13%,630917,140.94M
474,CBUS,"Cibus, Inc.",424.27M,-8.41%,9546,756.00K
475,TRDA,"Entrada Therapeutics, Inc.",423.11M,-7.26%,17121,87.17M
476,GHRS,GH Research PLC,421.95M,3.08%,10538,-
477,OCS,Oculis Holding AG,420.83M,-2.53%,3682,-
478,AEON,"AEON Biopharma, Inc.",418.42M,7.02%,1772,-
479,SLDB,Solid Biosciences Inc.,417.07M,2.42%,164715,-
480,JSPR,"Jasper Therapeutics, Inc.",415.01M,-3.74%,120282,-
481,MXCT,"MaxCyte, Inc.",414.24M,0.76%,253204,38.05M
482,TBPH,"Theravance Biopharma, Inc.",414.22M,-0.58%,259452,57.42M
483,ZYXI,"Zynex, Inc.",414.09M,-1.32%,47460,185.84M
484,AURA,"Aura Biosciences, Inc.",412.80M,-1.07%,19876,-
485,ORGO,Organogenesis Holdings Inc.,410.40M,-4.18%,119935,433.14M
486,BTMD,biote Corp.,410.36M,-3.55%,32762,184.14M
487,LXEO,"Lexeo Therapeutics, Inc.",410.34M,-4.23%,139598,654.00K
488,CERS,Cerus Corporation,409.70M,-3.10%,532021,186.80M
489,NGNE,Neurogene Inc.,406.51M,-2.15%,22159,-
490,ESPR,"Esperion Therapeutics, Inc.",405.27M,-3.20%,948463,116.33M
491,MGTX,MeiraGTx Holdings plc,405.11M,2.35%,32593,-
492,CRBP,"Corbus Pharmaceuticals Holdings, Inc.",403.34M,-14.80%,124237,-
493,THRD,"Third Harmonic Bio, Inc.",402.42M,0.40%,165109,-
494,DCGO,DocGo Inc.,401.06M,-1.56%,99773,624.29M
495,MNMD,Mind Medicine (MindMed) Inc.,400.94M,-14.02%,2181442,-
496,EPIX,ESSA Pharma Inc.,397.26M,-2.17%,19108,-
497,ANRO,"Alto Neuroscience, Inc.",396.48M,5.74%,38680,-
498,CLOV,"Clover Health Investments, Corp.",395.58M,-2.80%,5254875,2.42B
499,HUMA,"Humacyte, Inc.",394.21M,-7.72%,230304,-
500,PSTX,"Poseida Therapeutics, Inc.",392.71M,-16.22%,1104564,64.70M
501,CYH,"Community Health Systems, Inc.",391.07M,-2.10%,326903,12.49B
502,HRTX,"Heron Therapeutics, Inc.",390.19M,-7.31%,1282197,122.84M
503,GUTS,"Fractyl Health, Inc.",388.00M,-4.80%,173808,-
504,ANL,Adlai Nortye Ltd.,387.83M,5.61%,460,-
505,NPCE,"NeuroPace, Inc.",385.49M,-4.36%,9125,65.42M
506,ADAP,Adaptimmune Therapeutics plc,385.05M,-12.00%,729191,60.28M
507,HROW,"Harrow Health, Inc.",384.54M,-3.74%,121673,114.17M
508,VMD,"Viemed Healthcare, Inc.",384.08M,-5.75%,75152,183.01M
509,AXGN,"AxoGen, Inc.",378.05M,-3.54%,50560,159.01M
510,ANIK,"Anika Therapeutics, Inc.",377.59M,1.46%,8610,163.31M
511,KRRO,"Korro Bio, Inc.",374.13M,1.83%,313170,-
512,INZY,"Inozyme Pharma, Inc.",373.34M,-9.61%,201215,-
513,ADVM,"Adverum Biotechnologies, Inc.",372.89M,-4.79%,322679,3.60M
514,NAUT,"Nautilus Biotechnology, Inc.",372.79M,-19.13%,32578,-
515,TCMD,"Tactile Systems Technology, Inc.",372.54M,0.57%,59692,274.42M
516,ANNX,"Annexon, Inc.",364.76M,-9.46%,159445,-
517,ADCT,ADC Therapeutics SA,362.89M,-1.11%,144151,122.57M
518,AMRN,Amarin Corporation plc,362.50M,-2.96%,189204,306.91M
519,AQST,"Aquestive Therapeutics, Inc.",357.71M,1.23%,1305514,50.58M
520,SNDL,SNDL Inc.,355.37M,-2.21%,1163777,685.16M
521,PROC,Procaps Group S.A.,354.27M,1.56%,3063,414.10M
522,SPOK,"Spok Holdings, Inc.",351.38M,0.11%,26838,139.03M
523,KMDA,Kamada Ltd.,351.15M,-5.62%,52707,142.52M
524,LUNG,Pulmonx Corporation,350.30M,-4.18%,52632,68.68M
525,ATAI,Atai Life Sciences N.V.,348.62M,-3.81%,470510,334.00K
526,AIRS,"AirSculpt Technologies, Inc.",347.40M,-3.14%,6647,195.92M
527,ERAS,"Erasca, Inc.",344.48M,-1.75%,138021,-
528,SIGA,"SIGA Technologies, Inc.",344.44M,0.62%,117331,34.79M
529,ACIU,AC Immune SA,341.86M,-9.52%,158924,1.09K
530,STOK,"Stoke Therapeutics, Inc.",338.03M,-4.62%,16476,9.25M
531,AVIR,"Atea Pharmaceuticals, Inc.",336.66M,0.75%,96026,-
532,SHCR,"Sharecare, Inc.",334.80M,-1.54%,242740,239.56M
533,BVS,Bioventus Inc.,334.35M,-1.67%,17328,502.76M
534,FBLG,"FibroBiologics, Inc.",330.42M,-3.76%,8351,-
535,XERS,"Xeris Biopharma Holdings, Inc.",330.06M,-4.26%,970901,163.91M
536,NBTX,Nanobiotix S.A.,327.42M,-4.12%,1237,7.41M
537,IMMP,Immutep Limited,326.93M,-7.27%,43712,4.58M
538,ENTA,"Enanta Pharmaceuticals, Inc.",325.80M,-2.08%,14105,73.62M
539,SENS,"Senseonics Holdings, Inc.",324.82M,-2.85%,525938,22.39M
540,KOD,Kodiak Sciences Inc.,324.28M,-4.53%,164854,-
541,RAPT,"RAPT Therapeutics, Inc.",315.96M,-10.79%,237578,-
542,GLUE,"Monte Rosa Therapeutics, Inc.",315.01M,-1.11%,34117,-
543,TCRX,"TScan Therapeutics, Inc.",313.63M,0.15%,7906,21.05M
544,IPSC,"Century Therapeutics, Inc.",313.54M,-1.53%,38471,2.49M
545,SMTI,Sanara MedTech Inc.,311.83M,1.25%,5809,62.62M
546,LFMD,"LifeMD, Inc.",311.67M,-0.62%,176156,152.55M
547,GOSS,"Gossamer Bio, Inc.",311.30M,-2.90%,2146885,-
548,SOPH,SOPHiA GENETICS SA,308.88M,2.54%,16668,62.37M
549,SERA,"Sera Prognostics, Inc.",298.64M,-3.15%,115724,330.00K
550,AMWL,American Well Corporation,296.48M,-2.91%,156492,259.05M
551,VSTM,"Verastem, Inc.",292.35M,-1.12%,23342,-
552,OPRX,OptimizeRx Corporation,292.23M,-2.35%,23811,62.81M
553,OPT,Opthea Limited,290.80M,0.59%,915,385.28K
554,BLUE,"bluebird bio, Inc.",289.11M,-7.33%,6054945,21.73M
555,ARAY,Accuray Incorporated,287.59M,-4.83%,78133,447.48M
556,LYRA,"Lyra Therapeutics, Inc.",286.47M,6.59%,54645,1.42M
557,STRO,"Sutro Biopharma, Inc.",284.65M,-4.50%,1468917,48.64M
558,XOMA,XOMA Corporation,284.05M,6.35%,10628,4.76M
559,AKBA,"Akebia Therapeutics, Inc.",281.64M,-2.04%,1535160,193.61M
560,HOWL,"Werewolf Therapeutics, Inc.",279.93M,0.61%,34750,19.94M
561,QSI,Quantum-Si incorporated,279.29M,-11.66%,741150,1.08M
562,CGC,Canopy Growth Corporation,277.90M,-1.31%,1634610,248.53M
563,MESO,Mesoblast Limited,277.04M,23.72%,12302137,7.25M
564,OMER,Omeros Corporation,275.35M,-2.28%,181232,-
565,RIGL,"Rigel Pharmaceuticals, Inc.",275.34M,-3.82%,483916,116.88M
566,EDAP,EDAP TMS S.A.,272.16M,-1.47%,7856,60.13M
567,FHTX,Foghorn Therapeutics Inc.,270.08M,3.34%,36749,34.16M
568,AGEN,Agenus Inc.,267.62M,0.49%,919171,100.90M
569,TLSI,"TriSalus Life Sciences, Inc.",264.13M,-0.50%,30524,25.19M
570,CGEN,Compugen Ltd.,263.22M,-5.44%,375630,33.46M
571,FENC,Fennec Pharmaceuticals Inc.,262.03M,-1.45%,80286,13.05M
572,GRTS,"Gritstone bio, Inc.",259.87M,-9.06%,1597746,16.34M
573,ME,23andMe Holding Co.,258.36M,0.62%,1355193,247.99M
574,PBYI,"Puma Biotechnology, Inc.",257.91M,2.62%,132437,235.64M
575,AMLX,"Amylyx Pharmaceuticals, Inc.",257.57M,13.10%,8716656,380.79M
576,OCGN,"Ocugen, Inc.",253.42M,-4.63%,1535131,-
577,ABOS,"Acumen Pharmaceuticals, Inc.",253.07M,-2.06%,175506,-
578,CHRS,"Coherus BioSciences, Inc.",252.24M,-5.02%,788063,211.07M
579,UTMD,"Utah Medical Products, Inc.",251.56M,0.71%,9216,51.47M
580,CMPX,"Compass Therapeutics, Inc.",249.87M,2.04%,109919,-
581,QURE,uniQure N.V.,249.72M,-1.15%,280412,15.84M
582,PYXS,"Pyxis Oncology, Inc.",249.54M,3.20%,173489,-
583,WGS,GeneDx Holdings Corp.,245.16M,10.61%,99115,202.57M
584,LCTX,"Lineage Cell Therapeutics, Inc.",245.09M,-0.77%,555884,8.95M
585,TELO,"Telomir Pharmaceuticals, Inc.",244.88M,-18.79%,4722,-
586,CDXS,"Codexis, Inc.",243.95M,4.03%,210106,70.14M
587,RPTX,Repare Therapeutics Inc.,243.02M,-8.03%,7436,51.13M
588,TSVT,"2seventy bio, Inc.",242.19M,-2.97%,460999,100.39M
589,SGHT,"Sight Sciences, Inc.",239.76M,-8.40%,24447,82.85M
590,AKYA,"Akoya Biosciences, Inc.",238.33M,-3.00%,88731,96.63M
591,INO,"Inovio Pharmaceuticals, Inc.",237.91M,18.27%,1158638,832.01K
592,GLSI,"Greenwich LifeSciences, Inc.",236.28M,15.18%,45219,-
593,ZVRA,"Zevra Therapeutics, Inc.",235.70M,0.49%,42138,16.56M
594,SCLX,Scilex Holding Company,235.67M,-1.41%,194369,45.20M
595,LFCR,"Lifecore Biomedical, Inc.",234.04M,-1.64%,14473,157.39M
596,PRLD,Prelude Therapeutics Incorporated,233.96M,-6.56%,55783,-
597,BFLY,"Butterfly Network, Inc.",229.99M,-5.93%,450382,65.90M
598,GBIO,Generation Bio Co.,228.35M,-8.83%,129265,5.90M
599,OMGA,"Omega Therapeutics, Inc.",226.63M,-1.46%,122847,2.84M
600,ANGO,"AngioDynamics, Inc.",225.98M,-3.62%,232460,329.54M
601,VNDA,Vanda Pharmaceuticals Inc.,222.67M,3.49%,271309,192.64M
602,ELEV,"Elevation Oncology, Inc.",222.34M,-3.94%,165132,-
603,INMB,"INmune Bio, Inc.",220.04M,-3.44%,54718,224.00K
604,IPHA,Innate Pharma S.A.,218.27M,-9.44%,59063,57.45M
605,MASS,908 Devices Inc.,216.94M,-2.92%,229105,50.23M
606,SNDA,"Sonida Senior Living, Inc.",216.62M,33.05%,19624,249.13M
607,STXS,"Stereotaxis, Inc.",216.13M,-4.12%,40647,26.77M
608,SPRB,"Spruce Biosciences, Inc.",215.56M,0.20%,75964,7.20M
609,MACK,"Merrimack Pharmaceuticals, Inc.",214.26M,-0.07%,51187,-
610,OBIO,"Orchestra BioMed Holdings, Inc.",214.11M,-8.64%,20596,3.60M
611,VRCA,Verrica Pharmaceuticals Inc.,212.52M,3.99%,105996,5.12M
612,ATNM,"Actinium Pharmaceuticals, Inc.",212.40M,-9.54%,128649,-
613,BDTX,"Black Diamond Therapeutics, Inc.",210.16M,-1.48%,49114,-
614,DRTS,Alpha Tau Medical Ltd.,209.71M,-,10054,-
615,OPTN,"OptiNose, Inc.",209.53M,10.71%,659905,70.99M
616,SMLR,"Semler Scientific, Inc.",208.68M,-0.26%,36012,68.18M
617,OVID,Ovid Therapeutics Inc.,208.51M,-4.55%,24003,391.70K
618,ALIM,"Alimera Sciences, Inc.",208.09M,-5.04%,12176,80.75M
619,INFU,"InfuSystem Holdings, Inc.",206.33M,-1.33%,18665,122.84M
620,CDT,Conduit Pharmaceuticals Inc.,205.25M,30.04%,14045,-
621,CRMD,CorMedix Inc.,201.16M,-4.35%,203357,29.70K
622,ALDX,"Aldeyra Therapeutics, Inc.",199.70M,-10.22%,233891,-
623,ACET,"Adicet Bio, Inc.",199.38M,1.23%,2163428,-
624,IVA,Inventiva S.A.,198.97M,0.13%,11879,24.22M
625,PROF,Profound Medical Corp.,198.71M,-0.87%,51907,5.41M
626,NOTV,"Inotiv, Inc.",196.78M,-9.92%,388513,585.17M
627,RANI,"Rani Therapeutics Holdings, Inc.",194.58M,-8.44%,15146,-
628,ABEO,Abeona Therapeutics Inc.,193.73M,-2.01%,160812,3.57M
629,SCPH,scPharmaceuticals Inc.,192.93M,-1.86%,34488,7.50M
630,XBIT,XBiotech Inc.,192.36M,-0.78%,11110,300.00K
631,IMRX,Immuneering Corporation,192.10M,-9.53%,17924,-
632,OGI,OrganiGram Holdings Inc.,191.87M,-3.47%,171846,-
633,HBIO,"Harvard Bioscience, Inc.",190.96M,-1.36%,38646,112.25M
634,OCEA,"Ocean Biomedical, Inc.",189.52M,-19.60%,895347,-
635,JYNT,The Joint Corp.,189.26M,10.10%,116236,117.70M
636,CLLS,Cellectis S.A.,185.48M,-7.60%,1766,24.41M
637,CAPR,"Capricor Therapeutics, Inc.",183.46M,-1.53%,413019,25.18M
638,SGMT,Sagimet Biosciences Inc.,183.40M,-4.70%,134679,2.00M
639,GRPH,"Graphite Bio, Inc.",182.86M,18.79%,3624146,-
640,VXRT,"Vaxart, Inc.",182.56M,-3.36%,590765,4.16M
641,GTHX,"G1 Therapeutics, Inc.",182.44M,-4.40%,160501,82.51M
642,NVCT,"Nuvectis Pharma, Inc.",182.31M,-1.75%,36151,-
643,TRVI,"Trevi Therapeutics, Inc.",181.36M,0.70%,45493,-
644,VINC,"Vincerx Pharma, Inc.",180.67M,1.77%,683626,-
645,KPTI,Karyopharm Therapeutics Inc.,180.66M,-5.73%,377373,146.03M
646,GNFT,Genfit S.A.,180.49M,-1.65%,2117,32.69M
647,RLMD,"Relmada Therapeutics, Inc.",178.19M,-9.13%,70151,-
648,INGN,"Inogen, Inc.",177.05M,-5.27%,58560,315.66M
649,GLYC,"GlycoMimetics, Inc.",175.79M,-6.23%,51725,-
650,QIPT,Quipt Home Medical Corp.,175.29M,-2.58%,26334,185.18M
651,AUGX,"Augmedix, Inc.",174.80M,-2.17%,68506,40.93M
652,ACB,Aurora Cannabis Inc.,174.04M,-5.03%,315049,200.73M
653,CRDF,"Cardiff Oncology, Inc.",172.90M,-2.42%,1107344,488.00K
654,SYRS,"Syros Pharmaceuticals, Inc.",170.60M,-3.10%,24468,8.80M
655,FGEN,"FibroGen, Inc.",170.48M,-5.00%,138488,147.75M
656,GNLX,Genelux Corporation,169.92M,2.04%,16978,238.00K
657,PDSB,PDS Biotechnology Corporation,169.85M,-9.16%,465169,-
658,CTMX,"CytomX Therapeutics, Inc.",168.81M,0.40%,224996,101.21M
659,ASPI,ASP Isotopes Inc.,168.76M,4.91%,97625,-
660,PRQR,ProQR Therapeutics N.V.,168.00M,-0.96%,113299,4.92M
661,NKTR,Nektar Therapeutics,166.93M,-8.51%,407522,90.12M
662,CLPT,"ClearPoint Neuro, Inc.",164.66M,-2.58%,60700,22.32M
663,DBVT,DBV Technologies S.A.,164.36M,-2.30%,9723,15.73M
664,SGMO,"Sangamo Therapeutics, Inc.",160.69M,-3.11%,764913,201.42M
665,CYBN,Cybin Inc.,160.44M,2.18%,2467960,-
666,IMAB,I-Mab,155.31M,-2.16%,150539,-35.05M
667,DSGN,"Design Therapeutics, Inc.",154.01M,-4.51%,56345,-
668,ALUR,Allurion Technologies Inc.,153.33M,-4.04%,6939,109.44M
669,XTNT,"Xtant Medical Holdings, Inc.",150.93M,-5.08%,29532,78.46M
670,MDWD,MediWound Ltd.,150.23M,-4.91%,30601,24.97M
671,CLSD,"Clearside Biomedical, Inc.",149.44M,20.96%,394591,2.21M
672,ACHV,"Achieve Life Sciences, Inc.",149.00M,-0.91%,11037,-
673,ELMD,"Electromed, Inc.",147.92M,-1.16%,13767,51.69M
674,XFOR,"X4 Pharmaceuticals, Inc.",147.22M,3.73%,406234,-
675,FONR,FONAR Corporation,146.23M,-1.94%,3710,102.42M
676,COYA,"Coya Therapeutics, Inc.",143.62M,3.94%,59248,-
677,BDSX,"Biodesix, Inc.",142.50M,2.70%,76063,49.09M
678,VOR,Vor Biopharma Inc.,141.82M,-10.26%,49560,-
679,TELA,"TELA Bio, Inc.",140.57M,-3.83%,39608,53.08M
680,EBS,Emergent BioSolutions Inc.,140.42M,4.09%,764271,1.05B
681,ZURA,Zura Bio Limited,139.19M,-0.31%,15866,-
682,OM,"Outset Medical, Inc.",138.38M,-9.83%,455721,130.38M
683,ZOM,Zomedica Corp.,138.07M,-3.76%,1292216,24.01M
684,IMUX,"Immunic, Inc.",137.59M,-6.54%,132190,-
685,MOLN,Molecular Partners AG,136.68M,-,81,9.46M
686,ATOS,"Atossa Therapeutics, Inc.",136.58M,10.09%,590409,-
687,CELU,Celularity Inc.,134.62M,12.62%,65523,14.79M
688,BCAB,"BioAtla, Inc.",134.46M,2.89%,62999,-
689,TBRG,TruBridge Inc.,133.71M,9.80%,-,336.79M
690,LIFW,"MSP Recovery, Inc.",132.09M,-4.02%,288656,8.60M
691,ADAG,Adagene Inc.,131.69M,3.01%,14765,22.67M
692,ZTEK,Zentek Ltd.,131.13M,2.34%,11539,25.27K
693,SEER,"Seer, Inc.",129.55M,-6.22%,154821,16.66M
694,CDXC,ChromaDex Corporation,129.53M,1.74%,157829,83.57M
695,MCRB,"Seres Therapeutics, Inc.",128.86M,-11.39%,2624374,126.33M
696,HITI,High Tide Inc.,128.83M,1.23%,138356,487.67M
697,ARMP,"Armata Pharmaceuticals, Inc.",128.32M,-4.79%,2919,4.05M
698,NGM,"NGM Biopharmaceuticals, Inc.",127.70M,0.65%,589900,-
699,GALT,Galectin Therapeutics Inc.,126.17M,-1.47%,14544,-
700,ALLK,Allakos Inc.,125.09M,0.70%,110639,-
701,TOI,"The Oncology Institute, Inc.",123.90M,-1.79%,8720,309.88M
702,CVM,CEL-SCI Corporation,123.61M,-3.49%,171502,-
703,GTH,Genetron Holdings Limited,123.02M,1.04%,6521,93.36M
704,ATHA,"Athira Pharma, Inc.",122.65M,-18.72%,552252,-
705,YS,"YS Biopharma Co., Ltd.",120.53M,-,113743,560.76M
706,KNTE,Kinnate Biopharma Inc.,120.27M,-0.78%,299278,-
707,IOBT,"IO Biotech, Inc.",119.90M,-6.04%,19669,-
708,STIM,"Neuronetics, Inc.",119.86M,2.67%,142457,71.35M
709,ORMP,Oramed Pharmaceuticals Inc.,119.13M,-1.34%,51387,1.34M
710,TKNO,"Alpha Teknova, Inc.",116.26M,5.96%,1905,36.71M
711,VIGL,"Vigil Neuroscience, Inc.",116.24M,-2.16%,5100,-
712,DMAC,DiaMedica Therapeutics Inc.,116.14M,-1.96%,11179,-
713,BYSI,BeyondSpring Inc.,115.88M,3.09%,60941,1.55M
714,ETON,"Eton Pharmaceuticals, Inc.",115.46M,1.33%,44995,33.48M
715,CTXR,"Citius Pharmaceuticals, Inc.",114.55M,-3.56%,105901,-
716,YI,"111, Inc.",114.12M,2.22%,19299,2.06B
717,SCTL,"Societal CDMO, Inc.",114.02M,-0.93%,373160,91.20M
718,SHOT,Safety Shot Inc,112.72M,-8.22%,299875,4.40M
719,VANI,"Vivani Medical, Inc.",112.71M,-5.85%,158032,-
720,VTGN,"VistaGen Therapeutics, Inc.",112.56M,-0.95%,28919,1.04M
721,CMRX,"Chimerix, Inc.",112.41M,-1.59%,91877,324.00K
722,ACRV,"Acrivon Therapeutics, Inc.",109.86M,-,14759,-
723,SY,So-Young International Inc.,109.45M,-0.94%,58559,197.06M
724,CYT,"Cyteir Therapeutics, Inc.",109.43M,-2.57%,62255,-
725,PLX,"Protalix BioTherapeutics, Inc.",108.70M,-3.36%,77018,63.63M
726,PETS,"PetMed Express, Inc.",106.16M,2.39%,52003,270.52M
727,RNAC,"Cartesian Therapeutics, Inc.",105.56M,-0.16%,1167939,26.00M
728,ANIX,"Anixa Biosciences, Inc.",103.06M,-0.62%,58645,210.00K
729,OTLK,"Outlook Therapeutics, Inc.",102.85M,-1.09%,356779,-
730,BRNS,Barinthus Biotherapeutics plc,102.68M,-0.75%,80475,7.26M
731,FORA,Forian Inc.,101.91M,14.24%,30425,23.02M
732,MYO,"Myomo, Inc.",101.87M,14.42%,225603,19.24M
733,SHLT,SHL Telemedicine Ltd.,101.14M,0.33%,410,57.10M
734,KRMD,"KORU Medical Systems, Inc.",100.93M,-5.43%,28282,28.68M
735,CRVS,"Corvus Pharmaceuticals, Inc.",100.52M,-5.19%,82220,-
736,BWAY,BrainsWay Ltd.,98.82M,5.22%,102209,31.79M
737,CRDL,Cardiol Therapeutics Inc.,98.24M,-7.33%,93863,-
738,CARM,"Carisma Therapeutics, Inc.",97.66M,7.11%,34993,10.63M
739,VERU,Veru Inc.,96.32M,1.62%,1250099,16.30M
740,IFRX,InflaRx N.V.,95.39M,2.41%,143780,60.80K
741,ANVS,"Annovis Bio, Inc.",94.90M,0.45%,11527,-
742,BTAI,"BioXcel Therapeutics, Inc.",94.79M,-7.05%,204892,1.24M
743,ACRS,"Aclaris Therapeutics, Inc.",94.68M,-8.51%,1463883,31.25M
744,EQ,"Equillium, Inc.",93.77M,-5.24%,179684,42.63M
745,RVPH,"Reviva Pharmaceuticals Holdings, Inc.",93.75M,-5.14%,137885,-
746,LIFE,"aTyr Pharma, Inc.",93.11M,0.63%,143882,10.74M
747,ELUT,Elutia Inc.,92.79M,1.23%,2001,24.75M
748,SPRO,"Spero Therapeutics, Inc.",91.16M,4.82%,81804,77.70M
749,MDXH,MDxHealth SA,89.80M,-3.37%,9223,70.19M
750,MURA,Mural Oncology plc,89.71M,-0.37%,50504,-
751,CUE,"Cue Biopharma, Inc.",89.34M,-4.04%,39389,3.82M
752,VAXX,"Vaxxinity, Inc.",88.16M,5.87%,246996,-
753,ANTX,"AN2 Therapeutics, Inc.",87.14M,0.68%,72569,-
754,ASRT,"Assertio Holdings, Inc.",86.31M,2.52%,220319,152.07M
755,BLRX,BioLineRx Ltd.,86.18M,-1.72%,45455,-
756,HYPR,"Hyperfine, Inc.",85.92M,1.67%,56680,9.77M
757,DCTH,"Delcath Systems, Inc.",85.76M,-2.63%,58975,2.17M
758,PRPH,"ProPhase Labs, Inc.",85.71M,4.42%,3951,62.71M
759,INCR,InterCure Ltd.,85.68M,-2.66%,16827,112.41M
760,PMVP,"PMV Pharmaceuticals, Inc.",85.40M,-4.12%,459104,-
761,TRIB,Trinity Biotech plc,84.82M,0.90%,136,61.44M
762,BNR,Burning Rock Biotech Limited,84.19M,-3.56%,1587,76.83M
763,NVNO,enVVeno Medical Corporation,84.03M,2.69%,26019,-
764,PSNL,"Personalis, Inc.",83.33M,4.24%,219004,73.48M
765,IMMX,"Immix Biopharma, Inc.",82.48M,-5.57%,150553,-
766,ALVR,"AlloVir, Inc.",82.14M,-0.47%,98893,-
767,PASG,"Passage Bio, Inc.",82.01M,-3.45%,222134,-
768,VNRX,VolitionRx Limited,80.26M,4.90%,51077,651.04K
769,MIST,Milestone Pharmaceuticals Inc.,80.26M,1.99%,22858,4.50M
770,DTIL,"Precision BioSciences, Inc.",78.83M,-2.75%,39777,52.29M
771,ONCY,Oncolytics Biotech Inc.,78.54M,0.95%,186421,-
772,ASXC,"Asensus Surgical, Inc.",78.54M,-1.17%,695325,5.61M
773,CSBR,"Champions Oncology, Inc.",77.48M,-2.28%,309,49.98M
774,LEXX,Lexaria Bioscience Corp.,77.24M,13.64%,515750,276.01K
775,TIL,"Instil Bio, Inc.",76.10M,-2.34%,9584,-
776,EGRX,"Eagle Pharmaceuticals, Inc.",75.68M,-6.08%,45441,257.55M
777,GANX,"Gain Therapeutics, Inc.",75.65M,-1.27%,7493,55.18K
778,HOOK,HOOKIPA Pharma Inc.,75.31M,3.72%,317414,20.55M
779,RZLT,"Rezolute, Inc.",75.29M,5.26%,149733,-
780,ELYM,"Eliem Therapeutics, Inc.",75.27M,0.37%,261,-
781,KRON,"Kronos Bio, Inc.",75.23M,1.16%,312030,4.00M
782,NUTX,"Nutex Health, Inc.",75.04M,3.28%,283942,231.70M
783,MLEC,Moolec Science SA,74.06M,-1.78%,11286,-
784,ENLV,Enlivex Therapeutics Ltd.,73.46M,-6.33%,137427,-
785,ASMB,"Assembly Biosciences, Inc.",73.36M,2.52%,10336,-
786,INTS,"Intensity Therapeutics, Inc.",73.21M,-7.30%,114642,-
787,MGRM,"Monogram Orthopaedics, Inc.",72.85M,-6.40%,7287,-
788,LTRN,Lantern Pharma Inc.,72.68M,-23.58%,543436,-
789,GNTA,Genenta Science S.p.A.,72.36M,-3.59%,5216,-
790,ANEB,"Anebulo Pharmaceuticals, Inc.",71.83M,-6.10%,1,-
791,RLYB,Rallybio Corporation,70.67M,-1.60%,12711,-
792,IKNA,"Ikena Oncology, Inc.",70.46M,-8.75%,306520,13.95M
793,ATRA,"Atara Biotherapeutics, Inc.",70.13M,-4.73%,1545211,4.54M
794,EYEN,"Eyenovia, Inc.",69.71M,-,261949,1.20K
795,KZR,"Kezar Life Sciences, Inc.",69.63M,-0.27%,286624,7.00M
796,MNOV,"MediciNova, Inc.",68.66M,-1.43%,22257,1.00M
797,ENZ,"Enzo Biochem, Inc.",67.15M,-1.50%,6122,20.59M
798,APLM,"Apollomics, Inc.",67.11M,0.13%,32895,-
799,LVTX,LAVA Therapeutics N.V.,66.77M,9.48%,128004,9.63M
800,APYX,Apyx Medical Corporation,66.52M,-9.37%,137132,50.30M
801,IXHL,Incannex Healthcare Limited,66.18M,6.71%,18558,-
802,TPST,"Tempest Therapeutics, Inc.",65.25M,-0.29%,310847,-
803,LPTX,"Leap Therapeutics, Inc.",64.68M,-0.80%,56884,-
804,PRE,Prenetics Global Limited,64.21M,-8.82%,58352,68.79M
805,NEUE,NeueHealth Inc,63.90M,-12.93%,37569,1.88B
806,CNTB,Connect Biopharma Holdings Limited,63.88M,-,83919,-
807,DERM,Journey Medical Corporation,63.85M,-2.32%,158889,79.89M
808,TSBX,Turnstone Biologics Corp.,63.51M,5.38%,29886,81.89M
809,XAIR,"Beyond Air, Inc.",63.43M,-1.14%,27539,689.00K
810,CGTX,"Cognition Therapeutics, Inc.",63.28M,-,12933,-
811,ALGS,"Aligos Therapeutics, Inc.",63.09M,4.75%,91579,16.39M
812,HCWB,HCW Biologics Inc.,63.06M,-8.05%,3091,576.02K
813,CTCX,Carmell Therapeutics Corporation,62.78M,-9.93%,5250,25.65M
814,RBOT,Vicarious Surgical Inc.,62.39M,-2.79%,158656,-
815,BNGO,"Bionano Genomics, Inc.",62.35M,-2.63%,651021,36.12M
816,CASI,"CASI Pharmaceuticals, Inc.",62.34M,-4.93%,69472,42.26M
817,LUCD,Lucid Diagnostics Inc.,61.92M,-2.33%,82039,1.50M
818,CRIS,"Curis, Inc.",61.89M,-1.43%,4253,10.02M
819,NSPR,"InspireMD, Inc.",61.69M,-2.85%,1778,6.21M
820,NRXP,"NRx Pharmaceuticals, Inc.",61.33M,9.06%,1763957,-
821,GEG,"Great Elm Group, Inc.",61.20M,-0.52%,469,11.05M
822,PDEX,"Pro-Dex, Inc.",60.67M,0.69%,3509,48.24M
823,SSIC,Silver Spike Investment Corp.,60.28M,0.37%,2299,7.76M
824,SCYX,"SCYNEXIS, Inc.",59.90M,-3.01%,184817,135.87M
825,CDTX,"Cidara Therapeutics, Inc.",59.43M,-4.34%,173048,56.54M
826,MTNB,"Matinas BioPharma Holdings, Inc.",58.94M,0.37%,381190,4.28M
827,RGC,Regencell Bioscience Holdings Limited,58.56M,-5.26%,213,-
828,AVRO,"AVROBIO, Inc.",58.50M,-0.76%,36069,-
829,MODD,"Modular Medical, Inc.",57.64M,-4.84%,84438,-
830,SRTS,"Sensus Healthcare, Inc.",57.64M,-18.27%,73466,24.94M
831,CLNN,Clene Inc.,57.26M,-11.00%,302789,718.00K
832,MLSS,Milestone Scientific Inc.,57.14M,-2.00%,1911,9.81M
833,THTX,Theratechnologies Inc.,57.07M,0.83%,14520,59.25M
834,ICCM,IceCure Medical Ltd,56.48M,0.40%,23980,2.91M
835,CLGN,CollPlant Biotechnologies Ltd.,56.12M,3.63%,1418,10.72M
836,SLS,"SELLAS Life Sciences Group, Inc.",54.79M,7.54%,685615,-
837,RNLX,Renalytix Plc,54.46M,4.59%,282737,2.41M
838,CTSO,Cytosorbents Corporation,54.26M,-,18878,37.07M
839,INAB,"IN8bio, Inc.",54.11M,-2.31%,55494,-
840,CARA,"Cara Therapeutics, Inc.",53.64M,-3.21%,276163,20.97M
841,RPHM,"Reneo Pharmaceuticals, Inc.",53.63M,-3.01%,51843,-
842,AONC,"American Oncology Network, Inc.",53.48M,-3.86%,6051,-
843,CKPT,"Checkpoint Therapeutics, Inc.",53.32M,0.70%,99541,171.00K
844,BIMI,BIMI International Medical Inc.,53.21M,-7.37%,11041,5.85M
845,ICU,SeaStar Medical Holding Corporation,53.10M,11.64%,3946870,-
846,AMIX,"Autonomix Medical, Inc.",52.67M,-7.91%,21169,-
847,AADI,"Aadi Bioscience, Inc.",52.49M,0.47%,76782,23.26M
848,CRVO,CervoMed Inc.,52.43M,6.31%,16995,1.53M
849,BEAT,"HeartBeam, Inc.",52.39M,14.07%,59444,-
850,UNCY,"Unicycive Therapeutics, Inc.",51.78M,-1.97%,59001,-
851,FIXX,"Homology Medicines, Inc.",51.72M,2.26%,24767,1.96M
852,OCUP,"Ocuphire Pharma, Inc.",51.12M,5.03%,154594,19.05M
853,ACHL,Achilles Therapeutics plc,50.16M,-0.81%,52493,-
854,CCEL,"Cryo-Cell International, Inc.",50.14M,-6.28%,6486,31.34M
855,QNCX,"Quince Therapeutics, Inc.",49.94M,0.43%,4946,-
856,ICAD,"iCAD, Inc.",49.81M,-7.14%,58198,22.21M
857,SABS,"SAB Biotherapeutics, Inc.",49.45M,2.43%,5383,4.09M
858,NKGN,"NKGen Biotech, Inc.",49.41M,17.43%,7218693,77.00K
859,ENTX,Entera Bio Ltd.,49.31M,5.04%,38921,-
860,DARE,"Dar√© Bioscience, Inc.",49.31M,1.05%,55945,1.00M
861,CLRB,"Cellectar Biosciences, Inc.",49.15M,-5.75%,180675,-
862,TLSA,Tiziana Life Sciences Ltd,48.85M,-0.65%,40734,-
863,DRIO,DarioHealth Corp.,48.63M,1.14%,32005,23.55M
864,BOLT,"Bolt Biotherapeutics, Inc.",48.22M,-4.51%,91735,7.20M
865,BCTX,BriaCell Therapeutics Corp.,47.87M,1.02%,29851,-
866,OKYO,OKYO Pharma Limited,47.86M,3.03%,9411,-
867,LNSR,"LENSAR, Inc.",47.58M,-0.48%,5819,42.16M
868,CYTH,"Cyclo Therapeutics, Inc.",47.46M,-1.82%,3906,951.81K
869,ELTX,"Elicio Therapeutics, Inc.",47.26M,11.59%,139766,-
870,NXTC,"NextCure, Inc.",46.04M,-4.29%,33886,-
871,IPA,ImmunoPrecise Antibodies Ltd.,45.79M,-4.89%,237218,16.52M
872,GMDA,Gamida Cell Ltd.,45.42M,-0.70%,501868,673.00K
873,CADL,"Candel Therapeutics, Inc.",45.40M,7.01%,73033,-
874,EFTR,"eFFECTOR Therapeutics, Inc.",44.96M,-15.50%,95344,675.00K
875,FEMY,Femasys Inc.,44.17M,-8.82%,215639,1.09M
876,MDAI,"Spectral AI, Inc.",44.16M,-16.91%,452981,38.14M
877,OWLT,"Owlet, Inc.",44.13M,-,15013,54.01M
878,EVGN,Evogene Ltd.,44.04M,-3.23%,100219,5.64M
879,DHAI,"DIH Holdings US, Inc.",43.38M,12.50%,193995,13.17M
880,RMTI,"Rockwell Medical, Inc.",43.30M,1.32%,65647,80.83M
881,TARA,"Protara Therapeutics, Inc.",43.19M,-6.05%,51701,-
882,LFWD,ReWalk Robotics Ltd,43.10M,8.73%,531922,13.85M
883,ESLA,"Estrella Immunopharma, Inc.",42.95M,-5.77%,51904,-
884,ELDN,"Eledon Pharmaceuticals, Inc.",42.67M,3.59%,22955,-
885,IRIX,IRIDEX Corporation,42.41M,-1.53%,6935,54.61M
886,MEDS,"TRxADE HEALTH, Inc.",42.02M,28.16%,604599,9.09M
887,PLUR,Pluri Inc.,41.90M,-8.91%,107562,357.00K
888,RPID,"Rapid Micro Biosystems, Inc.",41.65M,-0.10%,821,22.52M
889,ECOR,"electroCore, Inc.",40.88M,-1.69%,658,13.40M
890,BGXX,Bright Green Corporation,40.36M,-4.74%,48841,-
891,ICCC,ImmuCell Corporation,40.30M,0.87%,428,16.29M
892,HLTH,Cue Health Inc.,40.11M,6.54%,74101,198.92M
893,DYAI,"Dyadic International, Inc.",39.76M,8.15%,22112,2.96M
894,CUTR,"Cutera, Inc.",39.52M,2.02%,901869,230.18M
895,BIVI,BioVie Inc.,39.44M,-3.25%,1430141,-
896,ACXP,"Acurx Pharmaceuticals, Inc.",39.10M,-2.41%,12402,-
897,OMIC,"Singular Genomics Systems, Inc.",39.04M,-1.04%,13335,2.60M
898,DXR,Daxor Corporation,37.86M,5.89%,224,-2.00M
899,AWH,Aspira Women's Health Inc.,37.83M,3.52%,8814,9.18M
900,VTVT,vTv Therapeutics Inc.,37.17M,5.78%,2217,9.00K
901,RVP,"Retractable Technologies, Inc.",37.13M,-3.23%,1055,41.99M
902,FBIO,"Fortress Biotech, Inc.",36.75M,-4.76%,108167,80.97M
903,CERO,"CERo Therapeutics Holdings, Inc.",36.47M,-26.58%,829552,-
904,MRKR,"Marker Therapeutics, Inc.",36.44M,-,7808,9.06M
905,PMN,"ProMIS Neurosciences, Inc.",35.88M,-3.63%,5141,-
906,APM,Aptorum Group Limited,35.65M,-7.99%,237895,1.20M
907,VIRX,"Viracta Therapeutics, Inc.",34.96M,4.68%,37933,-
908,CODX,"Co-Diagnostics, Inc.",34.86M,-0.87%,5445,4.66M
909,POCI,"Precision Optics Corporation, Inc.",34.71M,-3.84%,6252,19.22M
910,SNCE,"Science 37 Holdings, Inc.",34.54M,0.35%,5468,60.26M
911,CLDI,"Calidi Biotherapeutics, Inc.",34.43M,-2.85%,111741,45.00K
912,AGE,"AgeX Therapeutics, Inc.",33.42M,-8.42%,23525,94.00K
913,INKT,"MiNK Therapeutics, Inc.",33.21M,-3.33%,9787,-
914,MOVE,Movano Inc.,33.07M,-7.72%,54584,-
915,XGN,Exagen Inc.,32.39M,-2.63%,4311,51.62M
916,BIOR,"Biora Therapeutics, Inc.",32.38M,6.72%,254169,18.00K
917,HUGE,FSD Pharma Inc.,32.38M,-3.57%,114903,-
918,ACST,Acasti Pharma Inc.,31.96M,-1.47%,6014,-
919,NMTC,NeuroOne Medical Technologies Corporation,31.38M,-3.31%,46582,2.82M
920,VYNE,VYNE Therapeutics Inc.,30.88M,-4.68%,8098,424.00K
921,SLGL,Sol-Gel Technologies Ltd.,30.64M,1.30%,3181,1.67M
922,TCRT,"Alaunos Therapeutics, Inc.",30.48M,-6.84%,9772,15.00K
923,DRRX,DURECT Corporation,30.13M,-,42773,9.19M
924,EUDA,EUDA Health Holdings Limited,29.80M,2.48%,83362,-
925,BFRG,"Bullfrog AI Holdings, Inc.",29.56M,5.41%,146619,75.00K
926,ORGS,Orgenesis Inc.,29.28M,-2.31%,39563,27.75M
927,STRM,"Streamline Health Solutions, Inc.",28.96M,-,7356,23.98M
928,RNXT,"RenovoRx, Inc.",28.94M,-,17969,-
929,CDIO,"Cardio Diagnostics Holdings, Inc.",28.91M,2.19%,168448,12.71K
930,PHXM,PHAXIAM Therapeutics S.A.,28.90M,-5.20%,902,6.56M
931,PTN,"Palatin Technologies, Inc.",28.88M,-7.07%,162091,7.10M
932,CPIX,Cumberland Pharmaceuticals Inc.,28.67M,0.99%,444,39.32M
933,NEPH,"Nephros, Inc.",28.47M,-9.63%,21997,13.54M
934,ONCT,"Oncternal Therapeutics, Inc.",28.38M,2.14%,2194,785.00K
935,RGLS,Regulus Therapeutics Inc.,28.11M,-0.72%,14612,-
936,ATIP,"ATI Physical Therapy, Inc.",28.04M,-3.90%,6225,699.02M
937,EKSO,"Ekso Bionics Holdings, Inc.",27.57M,-9.09%,66319,18.28M
938,SRZN,"Surrozen, Inc.",27.21M,-,13451,12.50M
939,FBRX,"Forte Biosciences, Inc.",27.12M,-4.20%,23150,-
940,ALRN,"Aileron Therapeutics, Inc.",27.11M,-4.46%,3874,-
941,ONMD,OneMedNet Corporation,26.78M,8.61%,37985,1.57M
942,AKLI,"Akili, Inc.",26.72M,-2.65%,149851,1.68M
943,MEIP,"MEI Pharma, Inc.",26.65M,5.26%,30626,72.65M
944,IINN,Inspira Technologies Oxy B.H.N. Ltd.,26.59M,3.83%,62884,-
945,COCH,"Envoy Medical, Inc.",26.39M,-16.67%,108093,380.00K
946,UBX,"Unity Biotechnology, Inc.",26.35M,1.27%,34689,-
947,LSTA,"Lisata Therapeutics, Inc.",26.33M,-0.31%,927,-
948,PYPD,PolyPid Ltd.,26.15M,0.20%,101,-
949,NRBO,"NeuroBo Pharmaceuticals, Inc.",26.05M,-4.48%,13329,-
950,CMAX,"CareMax, Inc.",25.61M,-38.93%,9705,763.53M
951,APRE,"Aprea Therapeutics, Inc.",25.30M,-5.45%,1084214,569.16K
952,SNSE,"Sensei Biotherapeutics, Inc.",24.69M,-4.84%,25103,-
953,TXMD,"TherapeuticsMD, Inc.",24.64M,-4.70%,27158,1.95M
954,APTO,Aptose Biosciences Inc.,24.52M,-3.07%,31338,-
955,AXDX,"Accelerate Diagnostics, Inc.",24.50M,-0.87%,7716,12.00M
956,NRSN,NeuroSense Therapeutics Ltd.,24.46M,-6.70%,55080,-
957,OCX,OncoCyte Corporation,24.45M,-1.68%,706,-2.36M
958,LUMO,"Lumos Pharma, Inc.",24.40M,0.33%,37379,2.05M
959,GDTC,CytoMed Therapeutics Limited,23.87M,-5.05%,3496,573.59K
960,ABIO,"ARCA biopharma, Inc.",23.78M,0.31%,10317,-
961,DMTK,"DermTech, Inc.",23.17M,-2.21%,75354,15.30M
962,TTOO,"T2 Biosystems, Inc.",22.99M,-8.96%,69998,11.00M
963,XLO,"Xilio Therapeutics, Inc.",22.85M,-8.82%,361663,-
964,AIH,Aesthetic Medical International Holdings Group Limited,22.83M,-7.18%,35337,89.89M
965,MAIA,"MAIA Biotechnology, Inc.",22.59M,-3.76%,37469,-
966,GLTO,"Galecto, Inc.",22.18M,-9.23%,71093,-
967,TNXP,Tonix Pharmaceuticals Holding Corp.,21.95M,-3.31%,1941994,3.99M
968,MBRX,"Moleculin Biotech, Inc.",21.88M,-6.25%,5641,-
969,KALA,"Kala Pharmaceuticals, Inc.",21.06M,4.27%,8891,-
970,PPBT,Purple Biotech Ltd.,20.93M,-8.35%,46645,-
971,ITRM,Iterum Therapeutics plc,20.82M,3.87%,285418,-
972,NTRB,Nutriband Inc.,20.64M,-6.37%,2379,2.09M
973,CCLD,"CareCloud, Inc.",20.64M,-2.26%,31341,121.18M
974,NERV,"Minerva Neurosciences, Inc.",20.28M,0.36%,95597,-
975,ONTX,"Onconova Therapeutics, Inc.",20.07M,0.92%,59864,226.00K
976,MYNZ,Mainz Biomed B.V.,19.83M,9.33%,70176,-
977,PHGE,BiomX Inc.,19.63M,-9.28%,357646,-
978,SSKN,"STRATA Skin Sciences, Inc.",19.56M,1.89%,9184,35.27M
979,PAVM,PAVmed Inc.,19.48M,-,34044,1.52M
980,GYRE,"Gyre Therapeutics, Inc.",19.42M,-5.28%,7478,-
981,LABP,"Landos Biopharma, Inc.",19.34M,0.16%,12983,-
982,QLI,Qilian International Holding Group Limited,19.31M,-1.75%,813,46.47M
983,CNTG,Centogene N.V.,19.23M,-1.30%,270,55.72M
984,LPCN,Lipocine Inc.,19.19M,0.55%,4350,-2.85M
985,CNTX,Context Therapeutics Inc.,19.16M,-0.83%,6129,-
986,SNTI,"Senti Biosciences, Inc.",19.07M,-6.10%,42231,2.62M
987,CCM,Concord Medical Services Holdings Limited,18.67M,-5.03%,2816,84.58M
988,TFFP,"TFF Pharmaceuticals, Inc.",18.66M,7.73%,3660,932.32K
989,MBOT,Microbot Medical Inc.,18.65M,1.56%,43199,-
990,CHRO,Chromocell Therapeutics Corp,18.52M,-6.30%,15186,-
991,AIM,AIM ImmunoTech Inc.,18.46M,-4.76%,89258,193.00K
992,BMRA,"Biomerica, Inc.",18.34M,-4.11%,12854,5.50M
993,MHUA,"Meihua International Medical Technologies Co., Ltd.",18.31M,-2.23%,30688,96.70M
994,IMRN,Immuron Limited,18.13M,-17.11%,266337,2.43M
995,MRAI,"Marpai, Inc.",18.08M,11.36%,2658845,36.08M
996,INDP,"Indaptus Therapeutics, Inc.",18.06M,-3.70%,13154,-
997,AYTU,"Aytu BioPharma, Inc.",18.04M,-0.94%,5574,98.50M
998,NRXS,"NeurAxis, Inc.",17.72M,1.48%,1696,2.54M
999,PETV,"PetVivo Holdings, Inc.",17.61M,-,185406,1.05M
1000,PIRS,"Pieris Pharmaceuticals, Inc.",17.48M,3.22%,115262,47.36M
1001,NCNA,NuCana plc,17.42M,-0.42%,24570,-
1002,PMD,Psychemedics Corporation,17.41M,-3.56%,16033,22.80M
1003,PMCB,"PharmaCyte Biotech, Inc.",17.32M,-,1065,-
1004,AMS,American Shared Hospital Services,17.25M,-0.64%,578,20.66M
1005,MTEM,"Molecular Templates, Inc.",17.14M,-8.60%,2579,52.90M
1006,BIAF,"bioAffinity Technologies, Inc.",17.03M,32.68%,465614,321.49K
1007,ETAO,"ETAO International Co., Ltd.",16.84M,-8.14%,5549,58.06M
1008,SYBX,"Synlogic, Inc.",16.82M,2.78%,56591,708.00K
1009,RDHL,RedHill Biopharma Ltd.,16.60M,2.75%,2460234,35.75M
1010,COEP,"Coeptis Therapeutics, Inc.",16.37M,-9.17%,91086,-
1011,SEEL,"Seelos Therapeutics, Inc.",16.28M,-,85066,2.20M
1012,TBIO,"Telesis Bio, Inc.",16.22M,-3.10%,33673,30.00M
1013,BCLI,Brainstorm Cell Therapeutics Inc.,16.16M,-0.30%,118354,-
1014,MIRA,"MIRA Pharmaceuticals, Inc.",16.11M,-4.46%,2209689,-
1015,NXGL,"NEXGEL, Inc.",16.10M,1.77%,12697,3.53M
1016,ACOR,"Acorda Therapeutics, Inc.",15.89M,-2.04%,1381,111.12M
1017,KPRX,"Kiora Pharmaceuticals, Inc.",15.35M,-1.91%,71205,-
1018,IKT,"Inhibikase Therapeutics, Inc.",14.98M,-1.62%,37130,324.07K
1019,ATHE,Alterity Therapeutics Limited,14.88M,0.29%,14519,-
1020,TLIS,Talis Biomedical Corporation,14.88M,2.77%,4403,2.20M
1021,COCP,"Cocrystal Pharma, Inc.",14.85M,-2.72%,2458,-
1022,EVAX,Evaxion Biotech A/S,14.75M,0.65%,62732,-
1023,TLPH,Talphera Inc.,14.58M,-2.22%,41833,651.00K
1024,VBIV,VBI Vaccines Inc.,14.57M,5.08%,81252,8.12M
1025,EDSA,"Edesa Biotech, Inc.",14.36M,-0.65%,3185,-
1026,ELAB,"Elevai Labs, Inc.",13.98M,-0.52%,149059,1.03M
1027,STRR,"Star Equity Holdings, Inc.",13.93M,-3.27%,44584,77.17M
1028,XRTX,XORTX Therapeutics Inc.,13.83M,-6.71%,34477,-
1029,CANF,Can-Fite BioPharma Ltd.,13.36M,-1.36%,2091,793.00K
1030,BTCY,"Biotricity, Inc.",13.18M,-1.48%,15948,11.63M
1031,NNVC,"NanoViricides, Inc.",13.07M,0.90%,4806,-
1032,LGVN,Longeveron Inc.,13.07M,-1.35%,36499,709.00K
1033,GRTX,"Galera Therapeutics, Inc.",12.98M,-7.79%,167074,-
1034,TCON,"TRACON Pharmaceuticals, Inc.",12.96M,17.41%,1707417,12.05M
1035,COSM,Cosmos Health Inc.,12.90M,2.51%,27125,49.59M
1036,BNTC,Benitec Biopharma Inc.,12.86M,3.11%,1415,61.00K
1037,NLSP,NLS Pharmaceutics AG,12.84M,8.97%,47304,-
1038,DOMH,Dominari Holdings Inc.,12.67M,0.94%,2240,1.03M
1039,ICCT,iCoreConnect Inc.,12.53M,8.03%,13253,7.75M
1040,NDRA,ENDRA Life Sciences Inc.,12.47M,-,235668,-
1041,AKTX,"Akari Therapeutics, Plc",12.27M,0.47%,3073,-
1042,MNPR,Monopar Therapeutics Inc.,12.14M,11.63%,139665,-
1043,ERNA,Eterna Therapeutics Inc.,11.98M,8.14%,10841,51.00K
1044,SYRA,Syra Health Corp.,11.88M,-4.57%,48935,5.71M
1045,POAI,Predictive Oncology Inc.,11.82M,-2.03%,12152,1.81M
1046,BTTX,"Better Therapeutics, Inc.",11.72M,-6.51%,1189700,-
1047,NTBL,Notable Labs Inc.,11.70M,13.01%,400156,-
1048,MBIO,"Mustang Bio, Inc.",11.52M,-,367887,-
1049,PRTG,Portage Biotech Inc.,11.47M,3.51%,1666,-
1050,CHEK,Check-Cap Ltd.,11.23M,0.52%,4653,-
1051,ADXN,Addex Therapeutics Ltd,11.13M,1.20%,6023,2.24M
1052,OSA,"ProSomnus, Inc.",10.95M,-,44208,25.61M
1053,NVOS,"Novo Integrated Sciences, Inc.",10.82M,-9.26%,127009,13.04M
1054,ABVC,"ABVC BioPharma, Inc.",10.78M,-2.40%,22014,739.26K
1055,BCDA,"BioCardia, Inc.",10.75M,0.09%,49533,570.00K
1056,FWBI,"First Wave BioPharma, Inc.",10.66M,-14.56%,31939,-
1057,TRVN,"Trevena, Inc.",10.52M,-1.62%,44782,3.21M
1058,ASLN,ASLAN Pharmaceuticals Limited,10.42M,160.80%,567770,12.00M
1059,GENE,Genetic Technologies Limited,10.39M,0.36%,7086,5.78M
1060,EIGR,"Eiger BioPharmaceuticals, Inc.",10.26M,-2.31%,1505,14.67M
1061,ONVO,"Organovo Holdings, Inc.",10.24M,-0.98%,7372,242.00K
1062,HEPA,"Hepion Pharmaceuticals, Inc.",10.19M,-0.84%,7017,-
1063,GHSI,"Guardion Health Sciences, Inc.",10.14M,0.51%,1446,12.04M
1064,VCNX,"Vaccinex, Inc.",10.09M,-2.86%,2430,795.00K
1065,INBS,Intelligent Bio Solutions Inc.,9.97M,-1.30%,112052,2.88M
1066,BNOX,Bionomics Limited,9.95M,-7.38%,47551,15.21K
1067,AEZS,Aeterna Zentaris Inc.,9.42M,-3.65%,3932,6.86M
1068,IMNN,"Imunon, Inc.",9.40M,-1.08%,16892,125.00K
1069,CMMB,Chemomab Therapeutics Ltd.,9.28M,6.44%,66540,-
1070,APDN,"Applied DNA Sciences, Inc.",9.24M,-1.27%,12708,9.00M
1071,FRES,Fresh2 Group Ltd,9.13M,-1.14%,100545,2.35M
1072,FLGC,Flora Growth Corp.,9.03M,0.92%,41495,70.37M
1073,CELZ,"Creative Medical Technology Holdings, Inc.",8.91M,2.40%,54429,24.60K
1074,PRPO,"Precipio, Inc.",8.88M,-2.04%,2068,13.26M
1075,BCEL,"Atreca, Inc.",8.87M,-5.31%,122759,-
1076,CVKD,"Cadrenal Therapeutics, Inc.",8.72M,-4.58%,38787,-
1077,CYCN,"Cyclerion Therapeutics, Inc.",8.48M,0.61%,272,-
1078,BRTX,"BioRestorative Therapies, Inc.",8.39M,-2.29%,45288,130.20K
1079,SNGX,"Soligenix, Inc.",8.07M,-3.94%,69460,960.62K
1080,TOVX,"Theriva Biologics, Inc.",8.01M,2.72%,22760,-
1081,HCTI,"Healthcare Triangle, Inc.",7.97M,4.86%,49228,37.44M
1082,HSCS,"Heart Test Laboratories, Inc.",7.93M,-0.99%,462220,5.85K
1083,NURO,"NeuroMetrix, Inc.",7.85M,-1.50%,1663,5.90M
1084,ALZN,"Alzamend Neuro, Inc.",7.81M,1.69%,27103,-
1085,AIMD,"Ainos, Inc.",7.67M,-20.00%,748629,-
1086,GCTK,"GlucoTrack, Inc.",7.66M,-0.32%,90625,-
1087,NEXI,"NexImmune, Inc.",7.62M,-0.67%,28364,-
1088,KTTA,Pasithea Therapeutics Corp.,7.59M,-,800,240.71K
1089,SISI,"Shineco, Inc.",7.50M,-1.69%,6220,3.43M
1090,MYMD,"MyMD Pharmaceuticals, Inc.",7.38M,7.74%,8692,-
1091,PSTV,"Plus Therapeutics, Inc.",7.36M,4.19%,14041,4.91M
1092,KA,"Kineta, Inc.",7.22M,-0.38%,50852,3.31M
1093,DRUG,Bright Minds Biosciences Inc.,7.13M,-,7427,-
1094,VIRI,"Virios Therapeutics, Inc.",7.10M,-6.42%,77319,-
1095,TENX,"Tenax Therapeutics, Inc.",7.06M,-1.23%,20163,-
1096,PULM,"Pulmatrix, Inc.",6.76M,-3.14%,10906,6.80M
1097,SHPH,"Shuttle Pharmaceuticals Holdings, Inc.",6.72M,1.02%,4363,-
1098,AZTR,"Azitra, Inc.",6.62M,1.30%,155996,626.50K
1099,OGEN,"Oragenics, Inc.",6.54M,2.74%,43437,37.65K
1100,VVOS,"Vivos Therapeutics, Inc.",6.33M,-1.35%,11281,14.50M
1101,GNPX,"Genprex, Inc.",6.29M,10.59%,202174,-
1102,XBIO,"Xenetic Biosciences, Inc.",6.27M,0.54%,5875,2.35M
1103,ADTX,"Aditxt, Inc.",6.26M,0.27%,20281,749.48K
1104,BFRI,Biofrontera Inc.,6.21M,-0.82%,45005,33.62M
1105,CLVR,Clever Leaves Holdings Inc.,6.18M,-,2832,17.39M
1106,UPC,Universe Pharmaceuticals INC,6.16M,4.12%,27733,32.31M
1107,HPCO,"Hempacco Co., Inc.",6.16M,3.25%,216715,2.53M
1108,ATXI,"Avenue Therapeutics, Inc.",6.04M,-15.63%,2598623,-
1109,GTBP,"GT Biopharma, Inc.",5.96M,12.22%,50479,-
1110,EVOK,"Evoke Pharma, Inc.",5.93M,-6.43%,13139,4.30M
1111,SONN,"Sonnet BioTherapeutics Holdings, Inc.",5.92M,8.38%,2606987,129.18K
1112,CING,Cingulate Inc.,5.81M,3.33%,329466,-
1113,XCUR,"Exicure, Inc.",5.71M,2.50%,15465,23.79M
1114,VRPX,"Virpax Pharmaceuticals, Inc.",5.66M,9.51%,457268,-
1115,HOTH,"Hoth Therapeutics, Inc.",5.65M,1.54%,24376,-
1116,FNCH,"Finch Therapeutics Group, Inc.",5.49M,36.00%,4918,115.00K
1117,KZIA,Kazia Therapeutics Limited,5.47M,-2.23%,157192,15.86K
1118,HSDT,"Helius Medical Technologies, Inc.",5.47M,0.66%,8913,792.00K
1119,LIXT,"Lixte Biotechnology Holdings, Inc.",5.47M,-4.51%,13741,-
1120,SSY,"SunLink Health Systems, Inc.",5.46M,-3.24%,1924,39.59M
1121,LFLY,"Leafly Holdings, Inc.",5.44M,-4.00%,9489,44.62M
1122,OPGN,"OpGen, Inc.",5.40M,1.47%,64354,3.07M
1123,TTNP,"Titan Pharmaceuticals, Inc.",5.38M,-2.51%,2321,306.00K
1124,STSS,"Sharps Technology, Inc.",5.35M,-8.62%,11174,-
1125,VERO,Venus Concept Inc.,5.34M,-6.68%,4614,82.51M
1126,AFIB,"Acutus Medical, Inc.",5.33M,-2.08%,266464,19.66M
1127,XTLB,XTL Biopharmaceuticals Ltd.,5.23M,2.17%,413,-
1128,MDGS,Medigus Ltd.,5.13M,-6.51%,2216,83.45M
1129,PTIX,"Protagenic Therapeutics, Inc.",5.06M,1.80%,306,-
1130,BSGM,"BioSig Technologies, Inc.",4.95M,-13.33%,172844,141.00K
1131,LUCY,"Innovative Eyewear, Inc.",4.86M,0.54%,9645,603.79K
1132,CJJD,"China Jo-Jo Drugstores, Inc.",4.81M,1.40%,15436,148.81M
1133,ARTL,"Artelo Biosciences, Inc.",4.77M,-0.67%,2448,-
1134,PALI,"Palisade Bio, Inc.",4.76M,1.76%,70667,250.00K
1135,LIPO,Lipella Pharmaceuticals Inc.,4.76M,7.35%,63737,449.62K
1136,ZCMD,Zhongchao Inc.,4.72M,-,28661,17.23M
1137,AVTX,"Avalo Therapeutics, Inc.",4.71M,-3.10%,32815,2.25M
1138,SILO,"Silo Pharma, Inc.",4.65M,3.12%,3223,72.10K
1139,IMCC,IM Cannabis Corp.,4.63M,-1.30%,14783,58.55M
1140,GOVX,"GeoVax Labs, Inc.",4.63M,0.47%,5258,-
1141,BPTS,Biophytis S.A.,4.63M,5.58%,1350,-
1142,CMND,Clearmind Medicine Inc.,4.50M,2.90%,56886,-
1143,AEMD,"Aethlon Medical, Inc.",4.42M,3.29%,4197,574.25K
1144,ZVSA,"ZyVersa Therapeutics, Inc.",4.40M,-8.80%,725711,-
1145,AVGR,"Avinger, Inc.",4.36M,0.30%,45183,7.75M
1146,RHE,"Regional Health Properties, Inc.",4.31M,-2.04%,92,22.80M
1147,SCPX,Scorpius Holdings Inc,4.30M,-9.09%,2255516,2.23M
1148,PHIO,Phio Pharmaceuticals Corp.,4.24M,9.91%,211735,-
1149,OTRK,"Ontrak, Inc.",4.22M,7.45%,49216,11.71M
1150,IBIO,"iBio, Inc.",4.11M,-,39783,50.00K
1151,ONCO,Onconetix Inc,4.01M,-0.39%,224201,-
1152,BPTH,"Bio-Path Holdings, Inc.",3.96M,-9.95%,14476,-
1153,RSLS,ReShape Lifesciences Inc.,3.94M,7.32%,185617,9.81M
1154,PCSA,"Processa Pharmaceuticals, Inc.",3.88M,0.44%,7098,-
1155,SNPX,"Synaptogenix, Inc.",3.73M,-3.26%,28238,-
1156,ENVB,"Enveric Biosciences, Inc.",3.73M,-6.38%,101999,-
1157,ISPC,iSpecimen Inc.,3.72M,0.02%,43164,10.31M
1158,SPRC,SciSparc Ltd.,3.70M,-5.62%,155883,3.32M
1159,CPHI,"China Pharma Holdings, Inc.",3.67M,-2.27%,62996,7.78M
1160,VTAK,"Catheter Precision, Inc.",3.65M,2.84%,34827,314.00K
1161,JAGX,"Jaguar Health, Inc.",3.64M,-12.39%,10165569,10.72M
1162,CNSP,"CNS Pharmaceuticals, Inc.",3.62M,1.33%,226680,-
1163,NXL,"Nexalin Technology, Inc.",3.57M,-12.27%,71484,128.64K
1164,MGRX,"Mangoceuticals, Inc.",3.54M,-18.81%,995462,496.06K
1165,PTPI,"Petros Pharmaceuticals, Inc.",3.52M,-4.29%,300732,6.98M
1166,CYCC,"Cyclacel Pharmaceuticals, Inc.",3.48M,-1.89%,22670,389.00K
1167,NBSE,"NeuBase Therapeutics, Inc.",3.47M,0.23%,152997,-
1168,PRFX,PainReform Ltd.,3.46M,6.56%,3750,-
1169,WINT,"Windtree Therapeutics, Inc.",3.43M,3.62%,11353,-
1170,BDRX,Biodexa Pharmaceuticals Plc,3.43M,0.77%,19430,377.22K
1171,ADIL,"Adial Pharmaceuticals, Inc.",3.43M,-2.91%,661686,-
1172,KTRA,"Kintara Therapeutics, Inc.",3.33M,-5.58%,2154486,-
1173,PXMD,"PaxMedica, Inc.",3.31M,7.73%,146551,-
1174,TNON,"Tenon Medical, Inc.",3.29M,7.52%,39124,2.40M
1175,SBFM,"Sunshine Biopharma, Inc.",3.13M,-1.37%,3259922,20.35M
1176,INVO,"INVO Bioscience, Inc.",3.11M,-7.44%,11883,1.92M
1177,LSDI,Lucy Scientific Discovery Inc.,3.02M,2.94%,52020,16.73K
1178,SXTP,"60 Degrees Pharmaceuticals, Inc.",2.99M,-6.25%,216439,-209.26K
1179,CYTO,Altamira Therapeutics Ltd.,2.96M,0.53%,81042,-902.13K
1180,FOXO,FOXO Technologies Inc.,2.84M,3.77%,86013,453.00K
1181,NUWE,"Nuwellis, Inc.",2.67M,-3.04%,196251,8.65M
1182,THMO,"ThermoGenesis Holdings, Inc.",2.63M,-0.12%,2716,9.72M
1183,SLRX,"Salarius Pharmaceuticals, Inc.",2.60M,1.49%,2889,-
1184,TCBP,TC Biopharm (Holdings) Plc,2.57M,61.32%,113829088,3.61M
1185,BIOL,"BIOLASE, Inc.",2.48M,3.02%,1116956,49.73M
1186,ENSC,"Ensysce Biosciences, Inc.",2.42M,-2.31%,148606,-
1187,ACON,"Aclarion, Inc.",2.42M,8.53%,588074,84.13K
1188,APVO,Aptevo Therapeutics Inc.,2.41M,-,98177,-
1189,ALLR,"Allarity Therapeutics, Inc.",2.36M,0.20%,17313,-
1190,SNOA,"Sonoma Pharmaceuticals, Inc.",2.34M,-3.25%,97553,12.31M
1191,SCNI,Scinai Immunotherapeutics Ltd.,2.28M,-3.43%,48420,-
1192,IONM,Assure Holdings Corp.,2.27M,1.01%,14015,3.57M
1193,WORX,SCWorx Corp.,2.27M,57.10%,15687,3.92M
1194,BBLG,Bone Biologics Corporation,2.25M,5.35%,10918,-
1195,YCBD,"cbdMD, Inc.",2.25M,-4.07%,1455,23.45M
1196,DYNT,Dynatronics Corporation,2.20M,3.62%,7863,35.18M
1197,AGRX,"Agile Therapeutics, Inc.",2.16M,-3.64%,48255,19.97M
1198,ATNF,180 Life Sciences Corp.,2.15M,-,1185371,-
1199,VRAX,Virax Biolabs Group Limited,2.10M,-3.33%,7469,79.30K
1200,QLGN,"Qualigen Therapeutics, Inc.",2.07M,-1.21%,38312,4.62M
1201,INM,InMed Pharmaceuticals Inc.,2.05M,-5.43%,75742,5.49M
1202,TIVC,"Tivic Health Systems, Inc.",2.04M,-2.88%,5058,1.23M
1203,NAOV,"NanoVibronix, Inc.",1.94M,-2.66%,5228,1.00M
1204,AMPE,"Ampio Pharmaceuticals, Inc.",1.84M,9.54%,129571,-
1205,BACK,"IMAC Holdings, Inc.",1.74M,-4.03%,2285,8.47M
1206,BJDX,"Bluejay Diagnostics, Inc.",1.60M,0.45%,34162,-
1207,GLMD,Galmed Pharmaceuticals Ltd.,1.52M,-2.68%,18522,-
1208,DRMA,"Dermata Therapeutics, Inc.",1.48M,3.63%,13188,-
1209,AKAN,Akanda Corp.,1.39M,2.34%,78807,3.94M
1210,REVB,"Revelation Biosciences, Inc.",1.34M,-1.18%,132681,-
1211,THAR,"Tharimmune, Inc.",1.18M,0.79%,275647,-
1212,QNRX,"Quoin Pharmaceuticals, Ltd.",1.16M,-4.20%,383961,-
1213,SINT,"Sintx Technologies, Inc.",1.15M,-1.85%,761607,2.49M
1214,SXTC,"China SXT Pharmaceuticals, Inc.",1.13M,-2.51%,163047,33.62K
1215,MOTS,"Motus GI Holdings, Inc.",973.71K,-3.24%,45905,364.00K
1216,NBY,"NovaBay Pharmaceuticals, Inc.",935.65K,0.92%,251164,14.64M
1217,GRI,"GRI Bio, Inc.",855.14K,-0.48%,95042,-
1218,RNAZ,"TransCode Therapeutics, Inc.",674.91K,-7.54%,1025491,-
